,ccle_id,achilles_id
0,NIHOVCAR3_OVARY,ACH-000001
1,HL60_HAEMATOPOIETIC_AND_LYMPHOID_TISSUE,ACH-000002
2,CACO2_LARGE_INTESTINE,ACH-000003
3,HEL_HAEMATOPOIETIC_AND_LYMPHOID_TISSUE,ACH-000004
4,HEL9217_HAEMATOPOIETIC_AND_LYMPHOID_TISSUE,ACH-000005
5,MONOMAC6_HAEMATOPOIETIC_AND_LYMPHOID_TISSUE,ACH-000006
6,LS513_LARGE_INTESTINE,ACH-000007
7,C2BBE1_LARGE_INTESTINE,ACH-000009
8,NCIH2077_LUNG,ACH-000010
9,253J_URINARY_TRACT,ACH-000011
10,HCC827_LUNG,ACH-000012
11,ONCODG1_OVARY,ACH-000013
12,HS294T_SKIN,ACH-000014
13,NCIH1581_LUNG,ACH-000015
14,SLR21_KIDNEY,ACH-000016
15,SKBR3_BREAST,ACH-000017
16,T24_URINARY_TRACT,ACH-000018
17,MCF7_BREAST,ACH-000019
18,MUTZ5_HAEMATOPOIETIC_AND_LYMPHOID_TISSUE,ACH-000492
19,NCIH1693_LUNG,ACH-000021
20,PATU8988S_PANCREAS,ACH-000022
21,PATU8988T_PANCREAS,ACH-000023
22,OPM2_HAEMATOPOIETIC_AND_LYMPHOID_TISSUE,ACH-000024
23,CH157MN_CENTRAL_NERVOUS_SYSTEM,ACH-000025
24,253JBV_URINARY_TRACT,ACH-000026
25,GOS3_CENTRAL_NERVOUS_SYSTEM,ACH-000027
26,KPL1_BREAST,ACH-000028
27,HCC827GR5_LUNG,ACH-000029
28,PC14_LUNG,ACH-000030
29,PANC0213_PANCREAS,ACH-000031
30,MHHCALL3_HAEMATOPOIETIC_AND_LYMPHOID_TISSUE,ACH-000032
31,NCIH1819_LUNG,ACH-000033
32,PLB985_HAEMATOPOIETIC_AND_LYMPHOID_TISSUE,ACH-000034
33,NCIH1650_LUNG,ACH-000035
34,U343_CENTRAL_NERVOUS_SYSTEM,ACH-000036
35,S117_THYROID,ACH-000037
36,RL_HAEMATOPOIETIC_AND_LYMPHOID_TISSUE,ACH-000371
37,A673_BONE,ACH-000052
38,U118MG_CENTRAL_NERVOUS_SYSTEM,ACH-000040
39,CADOES1_BONE,ACH-000210
40,PANC0203_PANCREAS,ACH-000042
41,HS895T_FIBROBLAST,ACH-000043
42,SUM190PT_BREAST,ACH-001393
43,MV411_HAEMATOPOIETIC_AND_LYMPHOID_TISSUE,ACH-000045
44,ACHN_KIDNEY,ACH-000046
45,GCIY_STOMACH,ACH-000047
46,TOV112D_OVARY,ACH-000048
47,HEKTE_KIDNEY,ACH-000049
48,NCIH929_HAEMATOPOIETIC_AND_LYMPHOID_TISSUE,ACH-000050
49,TE617T_SOFT_TISSUE,ACH-000051
50,CBAGPN_BONE,ACH-001022
51,KARPAS299_HAEMATOPOIETIC_AND_LYMPHOID_TISSUE,ACH-000053
52,HT1080_SOFT_TISSUE,ACH-000054
53,D283MED_CENTRAL_NERVOUS_SYSTEM,ACH-000055
54,DOHH2_HAEMATOPOIETIC_AND_LYMPHOID_TISSUE,ACH-000056
55,OPM1_HAEMATOPOIETIC_AND_LYMPHOID_TISSUE,ACH-000057
56,ML1_THYROID,ACH-000058
57,MHHCALL4_HAEMATOPOIETIC_AND_LYMPHOID_TISSUE,ACH-000156
58,PANC1005_PANCREAS,ACH-000060
59,HH_HAEMATOPOIETIC_AND_LYMPHOID_TISSUE,ACH-000061
60,RERFLCMS_LUNG,ACH-000062
61,HS616T_FIBROBLAST,ACH-000063
62,SALE_LUNG,ACH-000064
63,OCIAML5_HAEMATOPOIETIC_AND_LYMPHOID_TISSUE,ACH-000065
64,HCC4006_LUNG,ACH-000066
65,HS683_CENTRAL_NERVOUS_SYSTEM,ACH-000067
66,HS611T_HAEMATOPOIETIC_AND_LYMPHOID_TISSUE,ACH-000069
67,FARAGE_HAEMATOPOIETIC_AND_LYMPHOID_TISSUE,ACH-001498
68,HS706T_BONE,ACH-000071
69,MEG01_HAEMATOPOIETIC_AND_LYMPHOID_TISSUE,ACH-000072
70,MINO_HAEMATOPOIETIC_AND_LYMPHOID_TISSUE,ACH-000220
71,KU812_HAEMATOPOIETIC_AND_LYMPHOID_TISSUE,ACH-000074
72,U87MG_CENTRAL_NERVOUS_SYSTEM,ACH-000075
73,NCO2_HAEMATOPOIETIC_AND_LYMPHOID_TISSUE,ACH-000076
74,MJ_HAEMATOPOIETIC_AND_LYMPHOID_TISSUE,ACH-000077
75,MHHNB11_AUTONOMIC_GANGLIA,ACH-000078
76,TE125T_FIBROBLAST,ACH-000079
77,697_HAEMATOPOIETIC_AND_LYMPHOID_TISSUE,ACH-000070
78,GDM1_HAEMATOPOIETIC_AND_LYMPHOID_TISSUE,ACH-000081
79,G292CLONEA141B1_BONE,ACH-000082
80,HS281T_FIBROBLAST,ACH-000083
81,MUTZ3_HAEMATOPOIETIC_AND_LYMPHOID_TISSUE,ACH-000084
82,T3M4_PANCREAS,ACH-000085
83,ACCMESO1_PLEURA,ACH-000086
84,HS172T_FIBROBLAST,ACH-000088
85,NCIH684_LIVER,ACH-000089
86,PC3_PROSTATE,ACH-000090
87,OV56_OVARY,ACH-000091
88,NCIH2452_PLEURA,ACH-000092
89,PANC0504_PANCREAS,ACH-000093
90,HPAFII_PANCREAS,ACH-000094
91,D341MED_CENTRAL_NERVOUS_SYSTEM,ACH-000095
92,G401_SOFT_TISSUE,ACH-000096
93,ZR751_BREAST,ACH-000097
94,GAMG_CENTRAL_NERVOUS_SYSTEM,ACH-000098
95,SIMA_AUTONOMIC_GANGLIA,ACH-000099
96,RH41_SOFT_TISSUE,ACH-000100
97,KE37_HAEMATOPOIETIC_AND_LYMPHOID_TISSUE,ACH-000101
98,GMS10_CENTRAL_NERVOUS_SYSTEM,ACH-000102
99,CAOV4_OVARY,ACH-000103
100,SEM_HAEMATOPOIETIC_AND_LYMPHOID_TISSUE,ACH-000782
101,NALM6_HAEMATOPOIETIC_AND_LYMPHOID_TISSUE,ACH-000938
102,NUDUL1_HAEMATOPOIETIC_AND_LYMPHOID_TISSUE,ACH-000287
103,CAPAN2_PANCREAS,ACH-000107
104,KP3_PANCREAS,ACH-000108
105,NCIH3255_LUNG,ACH-000109
106,NCCSTCK140_STOMACH,ACH-000110
107,COLO824_BREAST,ACH-001820
108,SIGM5_HAEMATOPOIETIC_AND_LYMPHOID_TISSUE,ACH-000112
109,OCIAML2_HAEMATOPOIETIC_AND_LYMPHOID_TISSUE,ACH-000113
110,SU8686_PANCREAS,ACH-000114
111,VCAP_PROSTATE,ACH-000115
112,OAW28_OVARY,ACH-000116
113,SUM44PE_BREAST,ACH-001395
114,HUPT3_PANCREAS,ACH-000118
115,HS863T_FIBROBLAST,ACH-000119
116,CHP212_AUTONOMIC_GANGLIA,ACH-000120
117,NCIH2405_LUNG,ACH-000121
118,BDCM_HAEMATOPOIETIC_AND_LYMPHOID_TISSUE,ACH-000080
119,COV434_OVARY,ACH-000123
120,OCILY19_HAEMATOPOIETIC_AND_LYMPHOID_TISSUE,ACH-000124
121,TO175T_FIBROBLAST,ACH-000125
122,KG1C_CENTRAL_NERVOUS_SYSTEM,ACH-000126
123,SLR20_KIDNEY,ACH-000127
124,LN319_CENTRAL_NERVOUS_SYSTEM,ACH-000128
125,NCIH1341_LUNG,ACH-000129
126,KOPN8_HAEMATOPOIETIC_AND_LYMPHOID_TISSUE,ACH-001106
127,HS229T_FIBROBLAST,ACH-000131
128,JHOS2_OVARY,ACH-000132
129,HS729_SOFT_TISSUE,ACH-000133
130,HS274T_FIBROBLAST,ACH-000134
131,HS940T_FIBROBLAST,ACH-000135
132,CHP126_AUTONOMIC_GANGLIA,ACH-000136
133,8MGBA_CENTRAL_NERVOUS_SYSTEM,ACH-000137
134,CFPAC1_PANCREAS,ACH-000138
135,PANC0327_PANCREAS,ACH-000139
136,PFEIFFER_HAEMATOPOIETIC_AND_LYMPHOID_TISSUE,ACH-000140
137,SNU308_BILIARY_TRACT,ACH-000141
138,CAL29_URINARY_TRACT,ACH-000142
139,HCC2429_LUNG,ACH-000143
140,RERFGC1B_STOMACH,ACH-000144
141,SKLMS1_SOFT_TISSUE,ACH-000145
142,THP1_HAEMATOPOIETIC_AND_LYMPHOID_TISSUE,ACH-000146
143,HS578T_BREAST,ACH-000148
144,SKNSH_AUTONOMIC_GANGLIA,ACH-000149
145,HCC2935_LUNG,ACH-000150
146,REH_HAEMATOPOIETIC_AND_LYMPHOID_TISSUE,ACH-000960
147,M059K_CENTRAL_NERVOUS_SYSTEM,ACH-000152
148,NCIH2052_PLEURA,ACH-000153
149,HS888T_FIBROBLAST,ACH-000154
150,SW1990_PANCREAS,ACH-000155
151,A4FUK_HAEMATOPOIETIC_AND_LYMPHOID_TISSUE,ACH-000157
152,OCILY3_HAEMATOPOIETIC_AND_LYMPHOID_TISSUE,ACH-000158
153,OSRC2_KIDNEY,ACH-000159
154,BT12_SOFT_TISSUE,ACH-000160
155,CORL105_LUNG,ACH-000161
156,GA10_HAEMATOPOIETIC_AND_LYMPHOID_TISSUE,ACH-000162
157,SW579_THYROID,ACH-000163
158,PANC1_PANCREAS,ACH-000164
159,HS751T_FIBROBLAST,ACH-000165
160,KASUMI6_HAEMATOPOIETIC_AND_LYMPHOID_TISSUE,ACH-000166
161,KE97_HAEMATOPOIETIC_AND_LYMPHOID_TISSUE,ACH-000167
162,NOMO1_HAEMATOPOIETIC_AND_LYMPHOID_TISSUE,ACH-000168
163,RD_SOFT_TISSUE,ACH-000169
164,PRECLH_PROSTATE,ACH-000170
165,VMRCRCZ_KIDNEY,ACH-000171
166,TM87_SOFT_TISSUE,ACH-000172
167,JHUEM3_ENDOMETRIUM,ACH-000173
168,CAL62_THYROID,ACH-000174
169,TE159T_FIBROBLAST,ACH-000175
170,LOUNH91_LUNG,ACH-000176
171,NCIH660_PROSTATE,ACH-000177
172,HS766T_PANCREAS,ACH-000178
173,NCIH1618_LUNG,ACH-000179
174,HS839T_FIBROBLAST,ACH-000180
175,SCC9_UPPER_AERODIGESTIVE_TRACT,ACH-000181
176,SNU869_BILIARY_TRACT,ACH-000182
177,L363_HAEMATOPOIETIC_AND_LYMPHOID_TISSUE,ACH-000183
178,HS343T_FIBROBLAST,ACH-000184
179,HS737T_FIBROBLAST,ACH-000185
180,NCIH2444_LUNG,ACH-000186
181,CORL311_LUNG,ACH-000187
182,SCC25_UPPER_AERODIGESTIVE_TRACT,ACH-000188
183,RCC10RGB_KIDNEY,ACH-000189
184,HDMYZ_HAEMATOPOIETIC_AND_LYMPHOID_TISSUE,ACH-000190
185,BHT101_THYROID,ACH-000191
186,MFE280_ENDOMETRIUM,ACH-000192
187,KARPAS620_HAEMATOPOIETIC_AND_LYMPHOID_TISSUE,ACH-000193
188,HS934T_FIBROBLAST,ACH-000194
189,SET2_HAEMATOPOIETIC_AND_LYMPHOID_TISSUE,ACH-000195
190,HMEL_BREAST,ACH-000642
191,EOL1_HAEMATOPOIETIC_AND_LYMPHOID_TISSUE,ACH-000198
192,HS255T_FIBROBLAST,ACH-000199
193,NMCG1_CENTRAL_NERVOUS_SYSTEM,ACH-000200
194,A204_SOFT_TISSUE,ACH-000201
195,COLO320_LARGE_INTESTINE,ACH-000202
196,NH6_AUTONOMIC_GANGLIA,ACH-000203
197,LP1_HAEMATOPOIETIC_AND_LYMPHOID_TISSUE,ACH-000204
198,PK59_PANCREAS,ACH-000205
199,C8166_HAEMATOPOIETIC_AND_LYMPHOID_TISSUE,ACH-000206
200,DETROIT562_UPPER_AERODIGESTIVE_TRACT,ACH-000207
201,U178_CENTRAL_NERVOUS_SYSTEM,ACH-000208
202,SNU1079_BILIARY_TRACT,ACH-000209
203,CHLA10_BONE,ACH-001029
204,DAOY_CENTRAL_NERVOUS_SYSTEM,ACH-000211
205,EFM192A_BREAST,ACH-000117
206,HUPT4_PANCREAS,ACH-000213
207,HS675T_FIBROBLAST,ACH-000214
208,LN382_CENTRAL_NERVOUS_SYSTEM,ACH-000215
209,JHESOAD1_OESOPHAGUS,ACH-000216
210,JHH6_LIVER,ACH-000217
211,PL21_HAEMATOPOIETIC_AND_LYMPHOID_TISSUE,ACH-000218
212,A375_SKIN,ACH-000219
213,SNU398_LIVER,ACH-000221
214,ASPC1_PANCREAS,ACH-000222
215,HCC1937_BREAST,ACH-000223
216,HS819T_FIBROBLAST,ACH-000224
217,ECC12_STOMACH,ACH-000225
218,SUPM2_HAEMATOPOIETIC_AND_LYMPHOID_TISSUE,ACH-000226
219,KPNYN_AUTONOMIC_GANGLIA,ACH-000227
220,BICR31_UPPER_AERODIGESTIVE_TRACT,ACH-000228
221,HS822T_FIBROBLAST,ACH-000229
222,HS742T_FIBROBLAST,ACH-000230
223,KALS1_CENTRAL_NERVOUS_SYSTEM,ACH-000231
224,U251MG_CENTRAL_NERVOUS_SYSTEM,ACH-000232
225,DEL_HAEMATOPOIETIC_AND_LYMPHOID_TISSUE,ACH-000233
226,CAKI2_KIDNEY,ACH-000234
227,PANC0403_PANCREAS,ACH-000235
228,SW1417_LARGE_INTESTINE,ACH-000236
229,JHOM1_OVARY,ACH-000237
230,SCC4_UPPER_AERODIGESTIVE_TRACT,ACH-000238
231,HUG1N_STOMACH,ACH-000239
232,HS600T_FIBROBLAST,ACH-000240
233,JK1_HAEMATOPOIETIC_AND_LYMPHOID_TISSUE,ACH-000241
234,RT4_URINARY_TRACT,ACH-000242
235,DANG_PANCREAS,ACH-000243
236,DKMG_CENTRAL_NERVOUS_SYSTEM,ACH-000244
237,BL41_HAEMATOPOIETIC_AND_LYMPHOID_TISSUE,ACH-000245
238,SLR23_KIDNEY,ACH-000246
239,OCUM1_STOMACH,ACH-000247
240,AU565_BREAST,ACH-000248
241,CL11_LARGE_INTESTINE,ACH-000249
242,KMRC20_KIDNEY,ACH-000250
243,NCIH2887_LUNG,ACH-000251
244,LS1034_LARGE_INTESTINE,ACH-000252
245,COLO201_LARGE_INTESTINE,ACH-000253
246,SCC15_UPPER_AERODIGESTIVE_TRACT,ACH-000254
247,LMSU_STOMACH,ACH-000255
248,COV318_OVARY,ACH-000256
249,CORL279_LUNG,ACH-000257
250,DU4475_BREAST,ACH-000258
251,KELLY_AUTONOMIC_GANGLIA,ACH-000259
252,SKNAS_AUTONOMIC_GANGLIA,ACH-000260
253,RERFLCAI_LUNG,ACH-000261
254,UOK101_KIDNEY,ACH-000262
255,KASUMI1_HAEMATOPOIETIC_AND_LYMPHOID_TISSUE,ACH-000263
256,CALU6_LUNG,ACH-000264
257,KP4_PANCREAS,ACH-000265
258,SNU213_PANCREAS,ACH-000266
259,HDLM2_HAEMATOPOIETIC_AND_LYMPHOID_TISSUE,ACH-000267
260,SNU245_BILIARY_TRACT,ACH-000268
261,AM38_CENTRAL_NERVOUS_SYSTEM,ACH-000269
262,HPAC_PANCREAS,ACH-000270
263,SUDHL10_HAEMATOPOIETIC_AND_LYMPHOID_TISSUE,ACH-000271
264,SLR24_KIDNEY,ACH-000272
265,SF539_CENTRAL_NERVOUS_SYSTEM,ACH-000273
266,HS852T_SKIN,ACH-000274
267,HS834T_FIBROBLAST,ACH-000275
268,EVSAT_BREAST,ACH-001065
269,HCC1419_BREAST,ACH-000277
270,COV362_OVARY,ACH-000278
271,CHLA218_BONE,ACH-001030
272,CHLA258_BONE,ACH-001282
273,SNU840_OVARY,ACH-000280
274,KP2_PANCREAS,ACH-000281
275,NCIH1755_LUNG,ACH-000282
276,A1207_CENTRAL_NERVOUS_SYSTEM,ACH-000283
277,HS840T_FIBROBLAST,ACH-000284
278,TOLEDO_HAEMATOPOIETIC_AND_LYMPHOID_TISSUE,ACH-000285
279,SNU1033_LARGE_INTESTINE,ACH-000286
280,BT549_BREAST,ACH-000288
281,SNU466_CENTRAL_NERVOUS_SYSTEM,ACH-000289
282,NCIH209_LUNG,ACH-000290
283,OV90_OVARY,ACH-000291
284,NCIH841_LUNG,ACH-000292
285,KLE_ENDOMETRIUM,ACH-000293
286,NB4_HAEMATOPOIETIC_AND_LYMPHOID_TISSUE,ACH-000294
287,EM2_HAEMATOPOIETIC_AND_LYMPHOID_TISSUE,ACH-000295
288,OUMS23_LARGE_INTESTINE,ACH-000296
289,NCIH889_LUNG,ACH-000297
290,NCIH2029_LUNG,ACH-000298
291,HNT34_HAEMATOPOIETIC_AND_LYMPHOID_TISSUE,ACH-000299
292,SLR25_KIDNEY,ACH-000300
293,LAMA84_HAEMATOPOIETIC_AND_LYMPHOID_TISSUE,ACH-000301
294,SNU1077_ENDOMETRIUM,ACH-000302
295,SNU5_STOMACH,ACH-000303
296,WM115_SKIN,ACH-000304
297,ECGI10_OESOPHAGUS,ACH-000305
298,HS688AT_FIBROBLAST,ACH-000306
299,PK1_PANCREAS,ACH-000307
300,EFO21_OVARY,ACH-000308
301,SKLU1_LUNG,ACH-000309
302,IMR32_AUTONOMIC_GANGLIA,ACH-000310
303,NCIH2122_LUNG,ACH-000311
304,SKNBE2_AUTONOMIC_GANGLIA,ACH-000312
305,KMRC3_KIDNEY,ACH-000313
306,HCC2108_LUNG,ACH-000314
307,KARPAS422_HAEMATOPOIETIC_AND_LYMPHOID_TISSUE,ACH-000315
308,SNU886_LIVER,ACH-000316
309,TUHR14TKB_KIDNEY,ACH-000317
310,TE10_OESOPHAGUS,ACH-000318
311,MPP89_PLEURA,ACH-000319
312,PSN1_PANCREAS,ACH-000320
313,MOLM6_HAEMATOPOIETIC_AND_LYMPHOID_TISSUE,ACH-000321
314,HT144_SKIN,ACH-000322
315,42MGBA_CENTRAL_NERVOUS_SYSTEM,ACH-000323
316,JHOC5_OVARY,ACH-000324
317,SNU620_STOMACH,ACH-000325
318,JURLMK1_HAEMATOPOIETIC_AND_LYMPHOID_TISSUE,ACH-000326
319,NCIH1395_LUNG,ACH-000327
320,LN215_CENTRAL_NERVOUS_SYSTEM,ACH-000328
321,CCFSTTG1_CENTRAL_NERVOUS_SYSTEM,ACH-000329
322,EFM19_BREAST,ACH-000330
323,ISTMES2_PLEURA,ACH-000331
324,YAPC_PANCREAS,ACH-000332
325,JHOM2B_OVARY,ACH-000333
326,DB_HAEMATOPOIETIC_AND_LYMPHOID_TISSUE,ACH-000334
327,MSTO211H_PLEURA,ACH-000335
328,OCIAML3_HAEMATOPOIETIC_AND_LYMPHOID_TISSUE,ACH-000336
329,NCIH3122_LUNG,ACH-000337
330,SR786_HAEMATOPOIETIC_AND_LYMPHOID_TISSUE,ACH-000338
331,HCC461_LUNG,ACH-000339
332,HS870T_FIBROBLAST,ACH-000340
333,SKNFI_AUTONOMIC_GANGLIA,ACH-000341
334,CL14_LARGE_INTESTINE,ACH-000342
335,NCIH522_LUNG,ACH-000343
336,SNU668_STOMACH,ACH-000344
337,KPNRTBM1_AUTONOMIC_GANGLIA,ACH-000345
338,OCILY7_HAEMATOPOIETIC_AND_LYMPHOID_TISSUE,ACH-001617
339,QGP1_PANCREAS,ACH-000347
340,RPMI7951_SKIN,ACH-000348
341,MB157_BREAST,ACH-001120
342,COLO678_LARGE_INTESTINE,ACH-000350
343,MKN1_STOMACH,ACH-000351
344,HCC1428_BREAST,ACH-000352
345,TE15_OESOPHAGUS,ACH-000353
346,CAPAN1_PANCREAS,ACH-000354
347,NCIH82_LUNG,ACH-000355
348,MKN45_STOMACH,ACH-000356
349,NCIH69_LUNG,ACH-000358
350,MG63_BONE,ACH-000359
351,NCIH508_LARGE_INTESTINE,ACH-000360
352,SKHEP1_LIVER,ACH-000361
353,MOLM13_HAEMATOPOIETIC_AND_LYMPHOID_TISSUE,ACH-000362
354,SKMM2_HAEMATOPOIETIC_AND_LYMPHOID_TISSUE,ACH-000363
355,U2OS_BONE,ACH-000364
356,SUDHL4_HAEMATOPOIETIC_AND_LYMPHOID_TISSUE,ACH-000365
357,SKNDZ_AUTONOMIC_GANGLIA,ACH-000366
358,NCIH226_LUNG,ACH-000367
359,SNU1105_CENTRAL_NERVOUS_SYSTEM,ACH-000368
360,MOLM16_HAEMATOPOIETIC_AND_LYMPHOID_TISSUE,ACH-000369
361,SNU626_CENTRAL_NERVOUS_SYSTEM,ACH-000370
362,KASUMI2_HAEMATOPOIETIC_AND_LYMPHOID_TISSUE,ACH-000728
363,SKM1_HAEMATOPOIETIC_AND_LYMPHOID_TISSUE,ACH-000373
364,HCC1143_BREAST,ACH-000374
365,G402_SOFT_TISSUE,ACH-000375
366,SF295_CENTRAL_NERVOUS_SYSTEM,ACH-000376
367,SNU478_BILIARY_TRACT,ACH-000377
368,NCIH647_LUNG,ACH-000378
369,NCIH1781_LUNG,ACH-000379
370,KMS12BM_HAEMATOPOIETIC_AND_LYMPHOID_TISSUE,ACH-000380
371,T84_LARGE_INTESTINE,ACH-000381
372,CORL24_LUNG,ACH-000382
373,OE33_OESOPHAGUS,ACH-000383
374,SW780_URINARY_TRACT,ACH-000384
375,SKRC20_KIDNEY,ACH-000385
376,KG1_HAEMATOPOIETIC_AND_LYMPHOID_TISSUE,ACH-000386
377,TF1_HAEMATOPOIETIC_AND_LYMPHOID_TISSUE,ACH-000387
378,NUDHL1_HAEMATOPOIETIC_AND_LYMPHOID_TISSUE,ACH-000388
379,H4_CENTRAL_NERVOUS_SYSTEM,ACH-000389
380,LUDLU1_LUNG,ACH-000390
381,CHLA32_BONE,ACH-001032
382,CALU3_LUNG,ACH-000392
383,HLF_LIVER,ACH-000393
384,NCIH2081_LUNG,ACH-000394
385,NCIH520_LUNG,ACH-000395
386,J82_URINARY_TRACT,ACH-000396
387,TEN_ENDOMETRIUM,ACH-000397
388,NCIH2196_LUNG,ACH-000399
389,SKCO1_LARGE_INTESTINE,ACH-000400
390,COLO800_SKIN,ACH-000401
391,BL70_HAEMATOPOIETIC_AND_LYMPHOID_TISSUE,ACH-000402
392,NCIH747_LARGE_INTESTINE,ACH-000403
393,K029AX_SKIN,ACH-000404
394,WSUNHL_HAEMATOPOIETIC_AND_LYMPHOID_TISSUE,ACH-001709
395,U937_HAEMATOPOIETIC_AND_LYMPHOID_TISSUE,ACH-000406
396,SNU685_ENDOMETRIUM,ACH-000407
397,TE5_OESOPHAGUS,ACH-000408
398,OVSAHO_OVARY,ACH-000409
399,SAOS2_BONE,ACH-000410
400,769P_KIDNEY,ACH-000411
401,SNU1197_LARGE_INTESTINE,ACH-000412
402,HS739T_FIBROBLAST,ACH-000413
403,NCIH1944_LUNG,ACH-000414
404,BICR6_UPPER_AERODIGESTIVE_TRACT,ACH-000415
405,NCIH838_LUNG,ACH-000416
406,PANC0813_PANCREAS,ACH-000417
407,SW1353_BONE,ACH-000418
408,KMS28BM_HAEMATOPOIETIC_AND_LYMPHOID_TISSUE,ACH-000419
409,SNU449_LIVER,ACH-000420
410,SW837_LARGE_INTESTINE,ACH-000421
411,SNU475_LIVER,ACH-000422
412,SKMEL3_SKIN,ACH-000423
413,CHLA57_BONE,ACH-001033
414,CHLA9_BONE,ACH-001034
415,UACC62_SKIN,ACH-000425
416,KMS20_HAEMATOPOIETIC_AND_LYMPHOID_TISSUE,ACH-000426
417,NCIN87_STOMACH,ACH-000427
418,UO31_KIDNEY,ACH-000428
419,A704_KIDNEY,ACH-000429
420,TYKNU_OVARY,ACH-000430
421,NCIH1694_LUNG,ACH-000431
422,BV173_HAEMATOPOIETIC_AND_LYMPHOID_TISSUE,ACH-000432
423,CAKI1_KIDNEY,ACH-000433
424,NCIH1915_LUNG,ACH-000434
425,EFE184_ENDOMETRIUM,ACH-000435
426,OCIMY7_HAEMATOPOIETIC_AND_LYMPHOID_TISSUE,ACH-000436
427,SW1088_CENTRAL_NERVOUS_SYSTEM,ACH-000437
428,LU65_LUNG,ACH-000438
429,ME1_HAEMATOPOIETIC_AND_LYMPHOID_TISSUE,ACH-000439
430,CA46_HAEMATOPOIETIC_AND_LYMPHOID_TISSUE,ACH-000440
431,SH4_SKIN,ACH-000441
432,RERFLCSQ1_LUNG,ACH-000442
433,OVKATE_OVARY,ACH-000443
434,LU99_LUNG,ACH-000444
435,KNS60_CENTRAL_NERVOUS_SYSTEM,ACH-000445
436,KPNSI9S_AUTONOMIC_GANGLIA,ACH-000446
437,NCIH2228_LUNG,ACH-000447
438,NCIH1666_LUNG,ACH-000448
439,MESSA_SOFT_TISSUE,ACH-000449
440,MELHO_SKIN,ACH-000450
441,NCIH2085_LUNG,ACH-000451
442,TE8_OESOPHAGUS,ACH-000452
443,MOLP2_HAEMATOPOIETIC_AND_LYMPHOID_TISSUE,ACH-000453
444,HCC95_LUNG,ACH-000454
445,LN428_CENTRAL_NERVOUS_SYSTEM,ACH-000455
446,BCPAP_THYROID,ACH-000456
447,CAL54_KIDNEY,ACH-000457
448,CJM_SKIN,ACH-000458
449,TUHR10TKB_KIDNEY,ACH-000459
450,SNU8_OVARY,ACH-000460
451,SNU1196_BILIARY_TRACT,ACH-000461
452,NALM1_HAEMATOPOIETIC_AND_LYMPHOID_TISSUE,ACH-000462
453,NCIH460_LUNG,ACH-000463
454,CAS1_CENTRAL_NERVOUS_SYSTEM,ACH-000464
455,SKMEL1_SKIN,ACH-000465
456,SNU216_STOMACH,ACH-000466
457,HCC56_LARGE_INTESTINE,ACH-000467
458,PK45H_PANCREAS,ACH-000468
459,YH13_CENTRAL_NERVOUS_SYSTEM,ACH-000469
460,SW1463_LARGE_INTESTINE,ACH-000470
461,LI7_LIVER,ACH-000471
462,HSC2_UPPER_AERODIGESTIVE_TRACT,ACH-000472
463,RT112_URINARY_TRACT,ACH-000473
464,HUH1_LIVER,ACH-000475
465,JHH4_LIVER,ACH-000476
466,MALME3M_SKIN,ACH-000477
467,SNU387_LIVER,ACH-000478
468,KNS81_CENTRAL_NERVOUS_SYSTEM,ACH-000479
469,HUH7_LIVER,ACH-000480
470,NCIH2170_LUNG,ACH-000481
471,RERFLCKJ_LUNG,ACH-000482
472,SNU182_LIVER,ACH-000483
473,VMRCRCW_KIDNEY,ACH-000484
474,GSU_STOMACH,ACH-000485
475,KU1919_URINARY_TRACT,ACH-000486
476,F36P_HAEMATOPOIETIC_AND_LYMPHOID_TISSUE,ACH-000487
477,TE11_OESOPHAGUS,ACH-000488
478,SW1116_LARGE_INTESTINE,ACH-000489
479,SF767_CERVIX,ACH-000490
480,NCIH716_LARGE_INTESTINE,ACH-000491
481,SNU423_LIVER,ACH-000493
482,OELE_OVARY,ACH-000494
483,TUHR4TKB_KIDNEY,ACH-000495
484,NCIH1792_LUNG,ACH-000496
485,KO52_HAEMATOPOIETIC_AND_LYMPHOID_TISSUE,ACH-000498
486,CHLA99_BONE,ACH-001035
487,COGE352_BONE,ACH-001038
488,SNU46_UPPER_AERODIGESTIVE_TRACT,ACH-000500
489,LS123_LARGE_INTESTINE,ACH-000501
490,TCCPAN2_PANCREAS,ACH-000502
491,BICR16_UPPER_AERODIGESTIVE_TRACT,ACH-000503
492,SNB75_CENTRAL_NERVOUS_SYSTEM,ACH-000504
493,RKN_SOFT_TISSUE,ACH-000505
494,NCIH146_LUNG,ACH-000506
495,KE39_STOMACH,ACH-000507
496,CORL88_LUNG,ACH-000508
497,HUT78_HAEMATOPOIETIC_AND_LYMPHOID_TISSUE,ACH-000509
498,NCIH1299_LUNG,ACH-000510
499,CALU1_LUNG,ACH-000511
500,INA6_HAEMATOPOIETIC_AND_LYMPHOID_TISSUE,ACH-000512
501,SNU1272_KIDNEY,ACH-000513
502,NCIH1092_LUNG,ACH-000514
503,HCC33_LUNG,ACH-000515
504,CAL78_BONE,ACH-000516
505,SNU410_PANCREAS,ACH-000517
506,CAL33_UPPER_AERODIGESTIVE_TRACT,ACH-000518
507,VAL_HAEMATOPOIETIC_AND_LYMPHOID_TISSUE,ACH-001703
508,59M_OVARY,ACH-000520
509,NCIH2030_LUNG,ACH-000521
510,UMUC3_URINARY_TRACT,ACH-000522
511,NCIH1184_LUNG,ACH-000523
512,KURAMOCHI_OVARY,ACH-000524
513,NCIH2171_LUNG,ACH-000525
514,HS821T_FIBROBLAST,ACH-000526
515,OVISE_OVARY,ACH-000527
516,ABC1_LUNG,ACH-000528
517,T173_FIBROBLAST,ACH-000529
518,DMS114_LUNG,ACH-000530
519,RS5_FIBROBLAST,ACH-000531
520,SNU61_LARGE_INTESTINE,ACH-000532
521,NCIH2004RT_SOFT_TISSUE,ACH-000533
522,WSUDLCL2_HAEMATOPOIETIC_AND_LYMPHOID_TISSUE,ACH-000534
523,BXPC3_PANCREAS,ACH-000535
524,MCF10A_BREAST,ACH-001357
525,SNU761_LIVER,ACH-000537
526,HUTU80_SMALL_INTESTINE,ACH-000538
527,HS618T_FIBROBLAST,ACH-000539
528,HS606T_FIBROBLAST,ACH-000540
529,KMS34_HAEMATOPOIETIC_AND_LYMPHOID_TISSUE,ACH-000541
530,HEYA8_OVARY,ACH-000542
531,SNU489_CENTRAL_NERVOUS_SYSTEM,ACH-000543
532,OE21_OESOPHAGUS,ACH-000544
533,VMCUB1_URINARY_TRACT,ACH-000545
534,HSC4_UPPER_AERODIGESTIVE_TRACT,ACH-000546
535,HT1197_URINARY_TRACT,ACH-000547
536,BHY_UPPER_AERODIGESTIVE_TRACT,ACH-000548
537,SNU1076_UPPER_AERODIGESTIVE_TRACT,ACH-000549
538,IGR39_SKIN,ACH-000550
539,K562_HAEMATOPOIETIC_AND_LYMPHOID_TISSUE,ACH-000551
540,HT29_LARGE_INTESTINE,ACH-000552
541,SQ1_LUNG,ACH-000553
542,HCC1187_BREAST,ACH-000111
543,A498_KIDNEY,ACH-000555
544,SIHA_CERVIX,ACH-000556
545,AML193_HAEMATOPOIETIC_AND_LYMPHOID_TISSUE,ACH-000557
546,A172_CENTRAL_NERVOUS_SYSTEM,ACH-000558
547,NCIH1836_LUNG,ACH-000559
548,ECC10_STOMACH,ACH-000560
549,TT_OESOPHAGUS,ACH-000561
550,HCC78_LUNG,ACH-000562
551,EBC1_LUNG,ACH-000563
552,KHM1B_HAEMATOPOIETIC_AND_LYMPHOID_TISSUE,ACH-000564
553,RCM1_LARGE_INTESTINE,ACH-000565
554,SW1710_URINARY_TRACT,ACH-000566
555,ST486_HAEMATOPOIETIC_AND_LYMPHOID_TISSUE,ACH-000567
556,T47D_BREAST,ACH-000147
557,ISTMES1_PLEURA,ACH-000569
558,YKG1_CENTRAL_NERVOUS_SYSTEM,ACH-000570
559,T98G_CENTRAL_NERVOUS_SYSTEM,ACH-000571
560,G361_SKIN,ACH-000572
561,MDAMB436_BREAST,ACH-000573
562,FUOV1_OVARY,ACH-000574
563,HCC364_LUNG,ACH-000575
564,KMS27_HAEMATOPOIETIC_AND_LYMPHOID_TISSUE,ACH-000576
565,JHH2_LIVER,ACH-000577
566,HCC1171_LUNG,ACH-000578
567,UACC257_SKIN,ACH-000579
568,C32_SKIN,ACH-000580
569,SNU16_STOMACH,ACH-000581
570,COLO741_SKIN,ACH-000582
571,JVM2_HAEMATOPOIETIC_AND_LYMPHOID_TISSUE,ACH-000106
572,JHOS4_OVARY,ACH-000584
573,EPLC272H_LUNG,ACH-000585
574,NCIH1876_LUNG,ACH-000586
575,NCIH1975_LUNG,ACH-000587
576,KMS26_HAEMATOPOIETIC_AND_LYMPHOID_TISSUE,ACH-000588
577,NCIH1437_LUNG,ACH-000589
578,NCIH2073_LUNG,ACH-000590
579,LN235_CENTRAL_NERVOUS_SYSTEM,ACH-000591
580,TM31_CENTRAL_NERVOUS_SYSTEM,ACH-000592
581,BC3C_URINARY_TRACT,ACH-000593
582,DMS153_LUNG,ACH-000594
583,LN229_CENTRAL_NERVOUS_SYSTEM,ACH-000595
584,LCLC97TM1_LUNG,ACH-000596
585,TTC709_SOFT_TISSUE,ACH-000597
586,KMS21BM_HAEMATOPOIETIC_AND_LYMPHOID_TISSUE,ACH-000598
587,PATU8902_PANCREAS,ACH-000599
588,SLR26_KIDNEY,ACH-000600
589,MIAPACA2_PANCREAS,ACH-000601
590,M07E_HAEMATOPOIETIC_AND_LYMPHOID_TISSUE,ACH-000602
591,BEN_LUNG,ACH-000603
592,KYO1_HAEMATOPOIETIC_AND_LYMPHOID_TISSUE,ACH-000604
593,TE6_OESOPHAGUS,ACH-000605
594,PECAPJ34CLONEC12_UPPER_AERODIGESTIVE_TRACT,ACH-000606
595,KYM1_SOFT_TISSUE,ACH-000607
596,COV644_OVARY,ACH-000608
597,SF126_CENTRAL_NERVOUS_SYSTEM,ACH-000609
598,NCIH2227_LUNG,ACH-000610
599,SUDHL6_HAEMATOPOIETIC_AND_LYMPHOID_TISSUE,ACH-000611
600,HUT102_HAEMATOPOIETIC_AND_LYMPHOID_TISSUE,ACH-000612
601,HOS_BONE,ACH-000613
602,RVH421_SKIN,ACH-000614
603,SKMEL28_SKIN,ACH-000615
604,HS746T_STOMACH,ACH-000616
605,OVCAR4_OVARY,ACH-000617
606,SNU1041_UPPER_AERODIGESTIVE_TRACT,ACH-000618
607,PECAPJ15_UPPER_AERODIGESTIVE_TRACT,ACH-000619
608,JHH1_LIVER,ACH-000620
609,MDAMB157_BREAST,ACH-000621
610,KNS42_CENTRAL_NERVOUS_SYSTEM,ACH-000622
611,SNU201_CENTRAL_NERVOUS_SYSTEM,ACH-000623
612,HCC1806_BREAST,ACH-000624
613,HEP3B217_LIVER,ACH-000625
614,U266B1_HAEMATOPOIETIC_AND_LYMPHOID_TISSUE,ACH-000626
615,LCLC103H_LUNG,ACH-000627
616,NCIH596_LUNG,ACH-000628
617,IOMMLEE_CENTRAL_NERVOUS_SYSTEM,ACH-000629
618,YD8_UPPER_AERODIGESTIVE_TRACT,ACH-000630
619,KS1_CENTRAL_NERVOUS_SYSTEM,ACH-000631
620,HS944T_SKIN,ACH-000632
621,FU97_STOMACH,ACH-000633
622,LN340_CENTRAL_NERVOUS_SYSTEM,ACH-000634
623,SNU119_OVARY,ACH-000635
624,RPMI8402_HAEMATOPOIETIC_AND_LYMPHOID_TISSUE,ACH-000636
625,KYSE520_OESOPHAGUS,ACH-000637
626,NCIH441_LUNG,ACH-000638
627,NCIH211_LUNG,ACH-000639
628,SKMEL31_SKIN,ACH-000640
629,CMK_HAEMATOPOIETIC_AND_LYMPHOID_TISSUE,ACH-000641
630,CAL120_BREAST,ACH-000212
631,HCC38_BREAST,ACH-000276
632,COLO829_SKIN,ACH-000644
633,JL1_PLEURA,ACH-000645
634,OVMANA_OVARY,ACH-000646
635,TE1_OESOPHAGUS,ACH-000647
636,NCIH28_PLEURA,ACH-000648
637,786O_KIDNEY,ACH-000649
638,IGR37_SKIN,ACH-000650
639,SW620_LARGE_INTESTINE,ACH-000651
640,SUIT2_PANCREAS,ACH-000652
641,JJN3_HAEMATOPOIETIC_AND_LYMPHOID_TISSUE,ACH-000653
642,RAJI_HAEMATOPOIETIC_AND_LYMPHOID_TISSUE,ACH-000654
643,SF268_CENTRAL_NERVOUS_SYSTEM,ACH-000655
644,SUDHL8_HAEMATOPOIETIC_AND_LYMPHOID_TISSUE,ACH-000656
645,A2780_OVARY,ACH-000657
646,KMS18_HAEMATOPOIETIC_AND_LYMPHOID_TISSUE,ACH-000658
647,SCLC21H_LUNG,ACH-000659
648,SUDHL5_HAEMATOPOIETIC_AND_LYMPHOID_TISSUE,ACH-000660
649,WM1799_SKIN,ACH-000661
650,CORL23_LUNG,ACH-000662
651,OVTOKO_OVARY,ACH-000663
652,SUDHL1_HAEMATOPOIETIC_AND_LYMPHOID_TISSUE,ACH-000664
653,SKMES1_LUNG,ACH-000665
654,NCIH1355_LUNG,ACH-000666
655,HCC44_LUNG,ACH-000667
656,UACC812_BREAST,ACH-000568
657,SW900_LUNG,ACH-000669
658,SBC5_LUNG,ACH-000670
659,HUH6_LIVER,ACH-000671
660,IALM_LUNG,ACH-000672
661,LN443_CENTRAL_NERVOUS_SYSTEM,ACH-000673
662,NUGC4_STOMACH,ACH-000674
663,NCIH1734_LUNG,ACH-000675
664,LN464_CENTRAL_NERVOUS_SYSTEM,ACH-000676
665,SW1573_LUNG,ACH-000677
666,MKN7_STOMACH,ACH-000678
667,OE19_OESOPHAGUS,ACH-000679
668,SW948_LARGE_INTESTINE,ACH-000680
669,A549_LUNG,ACH-000681
670,SNU1066_UPPER_AERODIGESTIVE_TRACT,ACH-000682
671,SNU503_LARGE_INTESTINE,ACH-000683
672,KMRC1_KIDNEY,ACH-000684
673,L33_PANCREAS,ACH-000685
674,SNU878_LIVER,ACH-000686
675,JEKO1_HAEMATOPOIETIC_AND_LYMPHOID_TISSUE,ACH-000357
676,OV7_OVARY,ACH-000688
677,RH18_SOFT_TISSUE,ACH-000689
678,HCC2814_LUNG,ACH-000690
679,SUM229PE_BREAST,ACH-001394
680,SNU899_UPPER_AERODIGESTIVE_TRACT,ACH-000692
681,KYSE180_OESOPHAGUS,ACH-000693
682,TE9_OESOPHAGUS,ACH-000694
683,CORL47_LUNG,ACH-000695
684,OVCAR8_OVARY,ACH-000696
685,A3KAW_HAEMATOPOIETIC_AND_LYMPHOID_TISSUE,ACH-000697
686,DMS53_LUNG,ACH-000698
687,HCC1395_BREAST,ACH-000699
688,NCIH2882_LUNG,ACH-000700
689,RMUGS_OVARY,ACH-000701
690,L1236_HAEMATOPOIETIC_AND_LYMPHOID_TISSUE,ACH-000702
691,DMS79_LUNG,ACH-000703
692,OAW42_OVARY,ACH-000704
693,LC1F_LUNG,ACH-000705
694,EKVX_LUNG,ACH-000706
695,P3HR1_HAEMATOPOIETIC_AND_LYMPHOID_TISSUE,ACH-000707
696,SNU283_LARGE_INTESTINE,ACH-000708
697,KMRC2_KIDNEY,ACH-000709
698,NCIH854_LUNG,ACH-000710
699,JIMT1_BREAST,ACH-000711
700,HCC1833_LUNG,ACH-000712
701,CAOV3_OVARY,ACH-000713
702,KMS11_HAEMATOPOIETIC_AND_LYMPHOID_TISSUE,ACH-000714
703,SNU1214_UPPER_AERODIGESTIVE_TRACT,ACH-000715
704,TT2609C02_THYROID,ACH-000716
705,COLO680N_OESOPHAGUS,ACH-000717
706,NCIH2291_LUNG,ACH-000718
707,RMGI_OVARY,ACH-000719
708,TCCSUP_URINARY_TRACT,ACH-000720
709,HMC18_BREAST,ACH-000721
710,SNUC1_LARGE_INTESTINE,ACH-000722
711,YD10B_UPPER_AERODIGESTIVE_TRACT,ACH-000723
712,HT1376_URINARY_TRACT,ACH-000724
713,HCC202_BREAST,ACH-000725
714,TE14_OESOPHAGUS,ACH-000726
715,NCIH2066_LUNG,ACH-000727
716,MHHCALL2_HAEMATOPOIETIC_AND_LYMPHOID_TISSUE,ACH-000020
717,NCIH1963_LUNG,ACH-000729
718,SKMEL5_SKIN,ACH-000730
719,HCC2279_LUNG,ACH-000731
720,PECAPJ41CLONED2_UPPER_AERODIGESTIVE_TRACT,ACH-000732
721,NCIH1838_LUNG,ACH-000733
722,JHH5_LIVER,ACH-000734
723,PECAPJ49_UPPER_AERODIGESTIVE_TRACT,ACH-000735
724,SNU601_STOMACH,ACH-000736
725,NCIH1385_LUNG,ACH-000737
726,GB1_CENTRAL_NERVOUS_SYSTEM,ACH-000738
727,HEPG2_LIVER,ACH-000739
728,A253_SALIVARY_GLAND,ACH-000740
729,UBLC1_URINARY_TRACT,ACH-000741
730,DM3_FIBROBLAST,ACH-000742
731,CORL95_LUNG,ACH-000743
732,NCIH1623_LUNG,ACH-000744
733,MOLP8_HAEMATOPOIETIC_AND_LYMPHOID_TISSUE,ACH-000745
734,GSS_STOMACH,ACH-000746
735,NCIH1703_LUNG,ACH-000747
736,SJSA1_BONE,ACH-000748
737,DMS273_LUNG,ACH-000749
738,LOXIMVI_SKIN,ACH-000750
739,OCIM1_HAEMATOPOIETIC_AND_LYMPHOID_TISSUE,ACH-000751
740,NCIH196_LUNG,ACH-000752
741,JMSU1_URINARY_TRACT,ACH-000753
742,L428_HAEMATOPOIETIC_AND_LYMPHOID_TISSUE,ACH-000754
743,SUM52PE_BREAST,ACH-001396
744,GI1_CENTRAL_NERVOUS_SYSTEM,ACH-000756
745,A427_LUNG,ACH-000757
746,MKN74_STOMACH,ACH-000758
747,LNZ308_CENTRAL_NERVOUS_SYSTEM,ACH-000760
748,NUGC2_STOMACH,ACH-000761
749,YD38_UPPER_AERODIGESTIVE_TRACT,ACH-000762
750,MM1S_HAEMATOPOIETIC_AND_LYMPHOID_TISSUE,ACH-000763
751,SH10TC_STOMACH,ACH-000764
752,WM983B_SKIN,ACH-000765
753,NCIH1648_LUNG,ACH-000766
754,NCIH526_LUNG,ACH-000767
755,MDAMB231_BREAST,ACH-000768
756,LK2_LUNG,ACH-000769
757,P31FUJ_HAEMATOPOIETIC_AND_LYMPHOID_TISSUE,ACH-000770
758,BICR56_UPPER_AERODIGESTIVE_TRACT,ACH-000771
759,TE441T_SOFT_TISSUE,ACH-000772
760,KIJK_HAEMATOPOIETIC_AND_LYMPHOID_TISSUE,ACH-000773
761,RERFLCAD2_LUNG,ACH-000774
762,NCIH727_LUNG,ACH-000775
763,ONS76_CENTRAL_NERVOUS_SYSTEM,ACH-000776
764,KYSE30_OESOPHAGUS,ACH-000777
765,HSC3_UPPER_AERODIGESTIVE_TRACT,ACH-000778
766,PC9_LUNG,ACH-000779
767,NCIH1105_LUNG,ACH-000780
768,NCIH2023_LUNG,ACH-000781
769,DND41_HAEMATOPOIETIC_AND_LYMPHOID_TISSUE,ACH-000981
770,CAMA1_BREAST,ACH-000783
771,KYSE70_OESOPHAGUS,ACH-000784
772,NCIH2126_LUNG,ACH-000785
773,DAUDI_HAEMATOPOIETIC_AND_LYMPHOID_TISSUE,ACH-000786
774,LXF289_LUNG,ACH-000787
775,A2058_SKIN,ACH-000788
776,NCIH810_LUNG,ACH-000789
777,SHP77_LUNG,ACH-000790
778,RERFLCAD1_LUNG,ACH-000791
779,BFTC909_KIDNEY,ACH-000792
780,KATOIII_STOMACH,ACH-000793
781,BICR22_UPPER_AERODIGESTIVE_TRACT,ACH-000794
782,MOLT4_HAEMATOPOIETIC_AND_LYMPHOID_TISSUE,ACH-001127
783,MCAS_OVARY,ACH-000796
784,HLFA_FIBROBLAST,ACH-000797
785,CL40_LARGE_INTESTINE,ACH-000798
786,HS695T_SKIN,ACH-000799
787,NCIH446_LUNG,ACH-000800
788,HS936T_SKIN,ACH-000801
789,BFTC905_URINARY_TRACT,ACH-000802
790,COLO668_LUNG,ACH-000803
791,NB1_AUTONOMIC_GANGLIA,ACH-000804
792,COLO679_SKIN,ACH-000805
793,L540_HAEMATOPOIETIC_AND_LYMPHOID_TISSUE,ACH-000806
794,SNU738_CENTRAL_NERVOUS_SYSTEM,ACH-000807
795,HUH28_BILIARY_TRACT,ACH-000808
796,KYSE410_OESOPHAGUS,ACH-000809
797,SKMEL30_SKIN,ACH-000810
798,SKOV3_OVARY,ACH-000811
799,COLO783_SKIN,ACH-000812
800,T3M10_LUNG,ACH-000813
801,HS939T_SKIN,ACH-000814
802,KMH2_HAEMATOPOIETIC_AND_LYMPHOID_TISSUE,ACH-000815
803,NCIH524_LUNG,ACH-000816
804,RPMI8226_HAEMATOPOIETIC_AND_LYMPHOID_TISSUE,ACH-000817
805,LN18_CENTRAL_NERVOUS_SYSTEM,ACH-000819
806,SW403_LARGE_INTESTINE,ACH-000820
807,EJM_HAEMATOPOIETIC_AND_LYMPHOID_TISSUE,ACH-000821
808,SKMEL24_SKIN,ACH-000822
809,KYSE140_OESOPHAGUS,ACH-000823
810,KYSE510_OESOPHAGUS,ACH-000824
811,HOP92_LUNG,ACH-000825
812,CAL12T_LUNG,ACH-000826
813,WM793_SKIN,ACH-000827
814,HUNS1_HAEMATOPOIETIC_AND_LYMPHOID_TISSUE,ACH-000829
815,NCIH1436_LUNG,ACH-000830
816,HEC50B_ENDOMETRIUM,ACH-000831
817,CAL27_UPPER_AERODIGESTIVE_TRACT,ACH-000832
818,RH30_SOFT_TISSUE,ACH-000833
819,UMUC1_URINARY_TRACT,ACH-000834
820,GCT_SOFT_TISSUE,ACH-000835
821,YD15_SALIVARY_GLAND,ACH-000836
822,NCIH322_LUNG,ACH-000837
823,AMO1_HAEMATOPOIETIC_AND_LYMPHOID_TISSUE,ACH-000838
824,SCABER_URINARY_TRACT,ACH-000839
825,HCC366_LUNG,ACH-000840
826,NCIH2087_LUNG,ACH-000841
827,SW480_LARGE_INTESTINE,ACH-000842
828,HARA_LUNG,ACH-000843
829,DMS454_LUNG,ACH-000844
830,NCIH1373_LUNG,ACH-000845
831,FADU_UPPER_AERODIGESTIVE_TRACT,ACH-000846
832,HGC27_STOMACH,ACH-000847
833,JHH7_LIVER,ACH-000848
834,MDAMB468_BREAST,ACH-000849
835,HS698T_FIBROBLAST,ACH-000850
836,MORCPR_LUNG,ACH-000851
837,NCIH1435_LUNG,ACH-000852
838,NCIH661_LUNG,ACH-000853
839,OCIMY5_HAEMATOPOIETIC_AND_LYMPHOID_TISSUE,ACH-000854
840,KYSE150_OESOPHAGUS,ACH-000855
841,CAL51_BREAST,ACH-000856
842,CAL851_BREAST,ACH-000857
843,KNS62_LUNG,ACH-000858
844,HCC1954_BREAST,ACH-000859
845,NCIH358_LUNG,ACH-000860
846,HOP62_LUNG,ACH-000861
847,KMBC2_URINARY_TRACT,ACH-000862
848,DBTRG05MG_CENTRAL_NERVOUS_SYSTEM,ACH-000863
849,COLO684_ENDOMETRIUM,ACH-000864
850,KYSE450_OESOPHAGUS,ACH-000865
851,NCIH1048_LUNG,ACH-000866
852,CHAGOK1_LUNG,ACH-000867
853,HCC1195_LUNG,ACH-000868
854,NCIH1568_LUNG,ACH-000869
855,NCIH1930_LUNG,ACH-000870
856,NCIH510_LUNG,ACH-000871
857,HCC515_LUNG,ACH-000872
858,KYSE270_OESOPHAGUS,ACH-000873
859,HSB2_HAEMATOPOIETIC_AND_LYMPHOID_TISSUE,ACH-001737
860,NCIH2347_LUNG,ACH-000875
861,MDAMB415_BREAST,ACH-000876
862,EB1_HAEMATOPOIETIC_AND_LYMPHOID_TISSUE,ACH-000877
863,HCC15_LUNG,ACH-000878
864,MFE296_ENDOMETRIUM,ACH-000879
865,AGS_STOMACH,ACH-000880
866,MELJUSO_SKIN,ACH-000881
867,IGR1_SKIN,ACH-000882
868,SW1783_CENTRAL_NERVOUS_SYSTEM,ACH-000883
869,MDAMB435S_SKIN,ACH-000884
870,TOV21G_OVARY,ACH-000885
871,NCIH2009_LUNG,ACH-000886
872,SF172_CENTRAL_NERVOUS_SYSTEM,ACH-000887
873,NCIH1793_LUNG,ACH-000888
874,KMM1_HAEMATOPOIETIC_AND_LYMPHOID_TISSUE,ACH-000889
875,SW1271_LUNG,ACH-000890
876,HCC1438_LUNG,ACH-000891
877,NCIH1563_LUNG,ACH-000892
878,NCIH1651_LUNG,ACH-000893
879,NCIH1869_LUNG,ACH-000894
880,CL34_LARGE_INTESTINE,ACH-000895
881,647V_URINARY_TRACT,ACH-000896
882,FTC238_THYROID,ACH-000897
883,SNU719_STOMACH,ACH-000898
884,WM88_SKIN,ACH-000899
885,NCIH23_LUNG,ACH-000900
886,HCC1359_LUNG,ACH-000901
887,BT20_BREAST,ACH-000536
888,FTC133_THYROID,ACH-000903
889,NCIH2106_LUNG,ACH-000904
890,5637_URINARY_TRACT,ACH-000905
891,ES2_OVARY,ACH-000906
892,SNU349_KIDNEY,ACH-000907
893,SNU520_STOMACH,ACH-000908
894,JHUEM2_ENDOMETRIUM,ACH-000909
895,MDAMB453_BREAST,ACH-000910
896,NUGC3_STOMACH,ACH-000911
897,NCIH2286_LUNG,ACH-000912
898,ESS1_ENDOMETRIUM,ACH-000913
899,IPC298_SKIN,ACH-000915
900,NCIH1573_LUNG,ACH-000916
901,TE4_OESOPHAGUS,ACH-000917
902,LOUCY_HAEMATOPOIETIC_AND_LYMPHOID_TISSUE,ACH-000104
903,IM95_STOMACH,ACH-000919
904,CMLT1_HAEMATOPOIETIC_AND_LYMPHOID_TISSUE,ACH-000920
905,NCIH1339_LUNG,ACH-000921
906,RS411_HAEMATOPOIETIC_AND_LYMPHOID_TISSUE,ACH-000874
907,NCIH2172_LUNG,ACH-000924
908,DV90_LUNG,ACH-000925
909,HT55_LARGE_INTESTINE,ACH-000926
910,BT474_BREAST,ACH-000927
911,JHUEM1_ENDOMETRIUM,ACH-000928
912,NCIH2110_LUNG,ACH-000929
913,HDQP1_BREAST,ACH-000643
914,HMCB_SKIN,ACH-000931
915,SNU1_STOMACH,ACH-000932
916,SNU324_PANCREAS,ACH-000933
917,MDAMB175VII_BREAST,ACH-000759
918,MDST8_LARGE_INTESTINE,ACH-000935
919,EFO27_OVARY,ACH-000936
920,PF382_HAEMATOPOIETIC_AND_LYMPHOID_TISSUE,ACH-000937
921,SUPT11_HAEMATOPOIETIC_AND_LYMPHOID_TISSUE,ACH-000122
922,SKUT1_SOFT_TISSUE,ACH-000939
923,AN3CA_ENDOMETRIUM,ACH-000940
924,HEC1B_ENDOMETRIUM,ACH-000941
925,P12ICHIKAWA_HAEMATOPOIETIC_AND_LYMPHOID_TISSUE,ACH-000372
926,RKO_LARGE_INTESTINE,ACH-000943
927,NAMALWA_HAEMATOPOIETIC_AND_LYMPHOID_TISSUE,ACH-000944
928,NCIH650_LUNG,ACH-000945
929,HEC265_ENDOMETRIUM,ACH-000946
930,OVK18_OVARY,ACH-000947
931,2313287_STOMACH,ACH-000948
932,TGBC11TKB_STOMACH,ACH-000949
933,LOVO_LARGE_INTESTINE,ACH-000950
934,NCIH2342_LUNG,ACH-000951
935,MDAPCA2B_PROSTATE,ACH-000952
936,SUPT1_HAEMATOPOIETIC_AND_LYMPHOID_TISSUE,ACH-000953
937,HEC1A_ENDOMETRIUM,ACH-000954
938,SNU407_LARGE_INTESTINE,ACH-000955
939,22RV1_PROSTATE,ACH-000956
940,LS180_LARGE_INTESTINE,ACH-000957
941,SW48_LARGE_INTESTINE,ACH-000958
942,SNUC4_LARGE_INTESTINE,ACH-000959
943,SUPB15_HAEMATOPOIETIC_AND_LYMPHOID_TISSUE,ACH-000059
944,ISHIKAWAHERAKLIO02ER_ENDOMETRIUM,ACH-000961
945,OC314_OVARY,ACH-000962
946,CCK81_LARGE_INTESTINE,ACH-000963
947,PEER_HAEMATOPOIETIC_AND_LYMPHOID_TISSUE,ACH-000519
948,RL952_ENDOMETRIUM,ACH-000965
949,IGROV1_OVARY,ACH-000966
950,SNUC2A_LARGE_INTESTINE,ACH-000967
951,COLO792_SKIN,ACH-000968
952,KM12_LARGE_INTESTINE,ACH-000969
953,SNUC5_LARGE_INTESTINE,ACH-000970
954,HCT116_LARGE_INTESTINE,ACH-000971
955,HEC151_ENDOMETRIUM,ACH-000972
956,639V_URINARY_TRACT,ACH-000973
957,SNGM_ENDOMETRIUM,ACH-000974
958,HCC2450_LUNG,ACH-000975
959,HUCCT1_BILIARY_TRACT,ACH-000976
960,LNCAPCLONEFGC_PROSTATE,ACH-000977
961,EN_ENDOMETRIUM,ACH-000978
962,DU145_PROSTATE,ACH-000979
963,NCIH1155_LUNG,ACH-000980
964,MOLT3_HAEMATOPOIETIC_AND_LYMPHOID_TISSUE,ACH-000964
965,GP2D_LARGE_INTESTINE,ACH-000982
966,KCL22_HAEMATOPOIETIC_AND_LYMPHOID_TISSUE,ACH-000983
967,HEC6_ENDOMETRIUM,ACH-000984
968,LS411N_LARGE_INTESTINE,ACH-000985
969,HT115_LARGE_INTESTINE,ACH-000986
970,MEWO_SKIN,ACH-000987
971,MFE319_ENDOMETRIUM,ACH-000988
972,SNU175_LARGE_INTESTINE,ACH-000989
973,HEC108_ENDOMETRIUM,ACH-000990
974,SNU81_LARGE_INTESTINE,ACH-000991
975,BICR18_UPPER_AERODIGESTIVE_TRACT,ACH-000992
976,JHUEM7_ENDOMETRIUM,ACH-000993
977,HEC59_ENDOMETRIUM,ACH-000994
978,ALLSIL_HAEMATOPOIETIC_AND_LYMPHOID_TISSUE,ACH-000105
979,HEC251_ENDOMETRIUM,ACH-000996
980,HCT15_LARGE_INTESTINE,ACH-000997
981,CW2_LARGE_INTESTINE,ACH-000998
982,SNU1040_LARGE_INTESTINE,ACH-000999
983,1321N1_CENTRAL_NERVOUS_SYSTEM,ACH-001000
984,143B_BONE,ACH-001001
985,451LU_SKIN,ACH-001002
986,ACCS_URINARY_TRACT,ACH-001011
987,AZ521_SMALL_INTESTINE,ACH-001015
988,BECKER_CENTRAL_NERVOUS_SYSTEM,ACH-001016
989,BGC823_STOMACH,ACH-001017
990,BJHTERT_FIBROBLAST,ACH-001018
991,BT16_SOFT_TISSUE,ACH-001020
992,C3A_LIVER,ACH-001021
993,EW8_BONE,ACH-000499
994,CGTHW1_THYROID,ACH-001023
995,CHL1_SKIN,ACH-001024
996,CHLA06ATRT_SOFT_TISSUE,ACH-001028
997,EWS502_BONE,ACH-000279
998,CHLA266_SOFT_TISSUE,ACH-001031
999,MHHES1_BONE,ACH-000391
1000,RDES_BONE,ACH-000041
1001,CMK115_HAEMATOPOIETIC_AND_LYMPHOID_TISSUE,ACH-001036
1002,CMK86_HAEMATOPOIETIC_AND_LYMPHOID_TISSUE,ACH-001037
1003,SKES1_BONE,ACH-000087
1004,COLO205_LARGE_INTESTINE,ACH-001039
1005,COLO699_LUNG,ACH-001041
1006,COLO704_OVARY,ACH-001042
1007,COLO775_HAEMATOPOIETIC_AND_LYMPHOID_TISSUE,ACH-001043
1008,COLO818_SKIN,ACH-001044
1009,CORL51_LUNG,ACH-001047
1010,COV504_OVARY,ACH-001048
1011,CPCN_LUNG,ACH-001049
1012,CW9019_SOFT_TISSUE,ACH-001050
1013,D384_CENTRAL_NERVOUS_SYSTEM,ACH-001052
1014,D425_CENTRAL_NERVOUS_SYSTEM,ACH-001053
1015,D458_CENTRAL_NERVOUS_SYSTEM,ACH-001054
1016,D556_CENTRAL_NERVOUS_SYSTEM,ACH-001055
1017,DERL2_HAEMATOPOIETIC_AND_LYMPHOID_TISSUE,ACH-001057
1018,DL_SOFT_TISSUE,ACH-001059
1019,DL40_HAEMATOPOIETIC_AND_LYMPHOID_TISSUE,ACH-001060
1020,DLD1_LARGE_INTESTINE,ACH-001061
1021,DOV13_OVARY,ACH-001063
1022,EB2_HAEMATOPOIETIC_AND_LYMPHOID_TISSUE,ACH-001064
1023,HCC1500_BREAST,ACH-000349
1024,F5_CENTRAL_NERVOUS_SYSTEM,ACH-001067
1025,FEPD_HAEMATOPOIETIC_AND_LYMPHOID_TISSUE,ACH-001068
1026,GLC82_LUNG,ACH-001071
1027,GRM_SKIN,ACH-001072
1028,NCIH292_LUNG,ACH-001075
1029,HCC1588_LUNG,ACH-001078
1030,HCC1897_LUNG,ACH-001079
1031,HCC2998_LARGE_INTESTINE,ACH-001081
1032,HCT8_LARGE_INTESTINE,ACH-001084
1033,HELA_CERVIX,ACH-001086
1034,HK2_KIDNEY,ACH-001087
1035,HLC1_LUNG,ACH-001088
1036,HLE_LIVER,ACH-001089
1037,HN_UPPER_AERODIGESTIVE_TRACT,ACH-001090
1038,HRT18_LARGE_INTESTINE,ACH-001091
1039,HS604T_FIBROBLAST,ACH-001093
1040,HTK_HAEMATOPOIETIC_AND_LYMPHOID_TISSUE,ACH-001094
1041,JR_SOFT_TISSUE,ACH-001096
1042,KARPAS384_HAEMATOPOIETIC_AND_LYMPHOID_TISSUE,ACH-001097
1043,KCIMOH1_PANCREAS,ACH-001098
1044,KD_SOFT_TISSUE,ACH-001099
1045,KHYG_HAEMATOPOIETIC_AND_LYMPHOID_TISSUE,ACH-001100
1046,KLM1_PANCREAS,ACH-001101
1047,TALL1_HAEMATOPOIETIC_AND_LYMPHOID_TISSUE,ACH-000197
1048,KP1N_PANCREAS,ACH-001107
1049,KP1NL_PANCREAS,ACH-001108
1050,KPMRTRY_SOFT_TISSUE,ACH-001109
1051,L82_HAEMATOPOIETIC_AND_LYMPHOID_TISSUE,ACH-001111
1052,LC1SQSF_LUNG,ACH-001113
1053,M059J_CENTRAL_NERVOUS_SYSTEM,ACH-001118
1054,MAC2A_HAEMATOPOIETIC_AND_LYMPHOID_TISSUE,ACH-001119
1055,ZR7530_BREAST,ACH-000828
1056,REC1_HAEMATOPOIETIC_AND_LYMPHOID_TISSUE,ACH-000068
1057,MKL1_SKIN,ACH-001122
1058,MKL2_SKIN,ACH-001123
1059,MOGGCCM_CENTRAL_NERVOUS_SYSTEM,ACH-001125
1060,MOGGUVW_CENTRAL_NERVOUS_SYSTEM,ACH-001126
1061,HPBALL_HAEMATOPOIETIC_AND_LYMPHOID_TISSUE,ACH-000942
1062,MON_SOFT_TISSUE,ACH-001128
1063,MONOMAC1_HAEMATOPOIETIC_AND_LYMPHOID_TISSUE,ACH-001129
1064,MOTN1_HAEMATOPOIETIC_AND_LYMPHOID_TISSUE,ACH-001130
1065,MS1_SKIN,ACH-001131
1066,MTA_HAEMATOPOIETIC_AND_LYMPHOID_TISSUE,ACH-001132
1067,MYLA_HAEMATOPOIETIC_AND_LYMPHOID_TISSUE,ACH-001134
1068,NCIH187_LUNG,ACH-001136
1069,NCIH1993_LUNG,ACH-001137
1070,NCIH2141_LUNG,ACH-001138
1071,NCIH820_LUNG,ACH-001140
1072,NHAHTDD_CENTRAL_NERVOUS_SYSTEM,ACH-001142
1073,NKL_HAEMATOPOIETIC_AND_LYMPHOID_TISSUE,ACH-001143
1074,OC316_OVARY,ACH-001145
1075,OCILY10_HAEMATOPOIETIC_AND_LYMPHOID_TISSUE,ACH-001146
1076,OCILY12_HAEMATOPOIETIC_AND_LYMPHOID_TISSUE,ACH-001147
1077,OCILY132_HAEMATOPOIETIC_AND_LYMPHOID_TISSUE,ACH-001148
1078,OUMS27_BONE,ACH-001150
1079,OVCAR5_OVARY,ACH-001151
1080,PCM6_HAEMATOPOIETIC_AND_LYMPHOID_TISSUE,ACH-001162
1081,CCLFPEDS0001T_KIDNEY,ACH-001163
1082,CCLFPEDS0003T_SOFT_TISSUE,ACH-001164
1083,PETA_SKIN,ACH-001170
1084,PL45_PANCREAS,ACH-001171
1085,R262_CENTRAL_NERVOUS_SYSTEM,ACH-001173
1086,RCC4_KIDNEY,ACH-001175
1087,RPMI6666_HAEMATOPOIETIC_AND_LYMPHOID_TISSUE,ACH-001182
1088,RT11284_URINARY_TRACT,ACH-001183
1089,SCMCRM2_SOFT_TISSUE,ACH-001184
1090,SF8657_SKIN,ACH-001187
1091,SHSY5Y_AUTONOMIC_GANGLIA,ACH-001188
1092,SJRH30_SOFT_TISSUE,ACH-001189
1093,SKMEL2_SKIN,ACH-001190
1094,SKNEP1_BONE,ACH-001192
1095,SKNMC_BONE,ACH-000039
1096,SKRC31_KIDNEY,ACH-001194
1097,SMSCTR_SOFT_TISSUE,ACH-001196
1098,SMZ1_HAEMATOPOIETIC_AND_LYMPHOID_TISSUE,ACH-001197
1099,SNB19_CENTRAL_NERVOUS_SYSTEM,ACH-001198
1100,SNUC2B_LARGE_INTESTINE,ACH-001199
1101,STM9101_SOFT_TISSUE,ACH-001200
1102,SUMB002_CENTRAL_NERVOUS_SYSTEM,ACH-001201
1103,SUPHD1_HAEMATOPOIETIC_AND_LYMPHOID_TISSUE,ACH-001203
1104,SKPNDW_BONE,ACH-001193
1105,TIG3TD_FIBROBLAST,ACH-001207
1106,TK10_KIDNEY,ACH-001208
1107,CCRFCEM_HAEMATOPOIETIC_AND_LYMPHOID_TISSUE,ACH-001738
1108,TTC1240_SOFT_TISSUE,ACH-001210
1109,TTC549_SOFT_TISSUE,ACH-001211
1110,TTC642_SOFT_TISSUE,ACH-001212
1111,U138MG_CENTRAL_NERVOUS_SYSTEM,ACH-001214
1112,UPCISCC152_UPPER_AERODIGESTIVE_TRACT,ACH-001228
1113,UT7_HAEMATOPOIETIC_AND_LYMPHOID_TISSUE,ACH-001230
1114,UW228_CENTRAL_NERVOUS_SYSTEM,ACH-001232
1115,VMRCLCD_LUNG,ACH-001233
1116,VMRCLCP_LUNG,ACH-001234
1117,WM2664_SKIN,ACH-001239
1118,HCC1569_BREAST,ACH-000930
1119,127399_SOFT_TISSUE,ACH-001270
1120,FUJI_SOFT_TISSUE,ACH-001272
1121,SW982_SOFT_TISSUE,ACH-001274
1122,SYO1_SOFT_TISSUE,ACH-001275
1123,YAMATO_SOFT_TISSUE,ACH-001277
1124,BIN67_OVARY,ACH-001278
1125,SCCOHT1_OVARY,ACH-001279
1126,SCS214_SOFT_TISSUE,ACH-001280
1127,TC106_BONE,ACH-001283
1128,TC138_BONE,ACH-001430
1129,COGAR359_SOFT_TISSUE,ACH-001289
1130,Y79_AUTONOMIC_GANGLIA,ACH-001295
1131,CHLA15_AUTONOMIC_GANGLIA,ACH-001300
1132,COGN278_AUTONOMIC_GANGLIA,ACH-001301
1133,COGN305_AUTONOMIC_GANGLIA,ACH-001302
1134,NB1643_AUTONOMIC_GANGLIA,ACH-001303
1135,8305C_THYROID,ACH-001306
1136,8505C_THYROID,ACH-001307
1137,HA1E_KIDNEY,ACH-001310
1138,PLCPRF5_LIVER,ACH-001318
1139,TT_THYROID,ACH-001321
1140,CME1_SOFT_TISSUE,ACH-001322
1141,A431_SKIN,ACH-001328
1142,ANGMCSS_CENTRAL_NERVOUS_SYSTEM,ACH-001329
1143,BICR10_UPPER_AERODIGESTIVE_TRACT,ACH-001331
1144,BICR78_UPPER_AERODIGESTIVE_TRACT,ACH-001332
1145,C33A_CERVIX,ACH-001333
1146,C4I_CERVIX,ACH-001334
1147,CASKI_CERVIX,ACH-001336
1148,CHP134_AUTONOMIC_GANGLIA,ACH-001338
1149,COLO794_SKIN,ACH-001339
1150,COV413A_OVARY,ACH-001340
1151,DOTC24510_CERVIX,ACH-001341
1152,GIMEN_AUTONOMIC_GANGLIA,ACH-001344
1153,GP5D_LARGE_INTESTINE,ACH-001345
1154,H103_UPPER_AERODIGESTIVE_TRACT,ACH-001346
1155,HTCC3_THYROID,ACH-001350
1156,JOPACA1_PANCREAS,ACH-001353
1157,LAN2_AUTONOMIC_GANGLIA,ACH-001354
1158,LAN6_AUTONOMIC_GANGLIA,ACH-001355
1159,MB1_THYROID,ACH-001356
1160,MDAMB361_BREAST,ACH-000934
1161,HCC1599_BREAST,ACH-000196
1162,ME180_CERVIX,ACH-001359
1163,MS751_CERVIX,ACH-001360
1164,NCIH1770_LUNG,ACH-001362
1165,NCIH2135_LUNG,ACH-001363
1166,NCIH345_LUNG,ACH-001364
1167,NCIH847_LUNG,ACH-001365
1168,NMB_AUTONOMIC_GANGLIA,ACH-001367
1169,OACM51_OESOPHAGUS,ACH-001368
1170,OCIC5X_OVARY,ACH-001369
1171,OV17R_OVARY,ACH-001373
1172,PA1_OVARY,ACH-001374
1173,PACADD119_PANCREAS,ACH-001375
1174,PACADD135_PANCREAS,ACH-001376
1175,PACADD137_PANCREAS,ACH-001377
1176,PACADD159_PANCREAS,ACH-001378
1177,PACADD161_PANCREAS,ACH-001379
1178,PACADD165_PANCREAS,ACH-001380
1179,PACADD188_PANCREAS,ACH-001382
1180,PWR1E_PROSTATE,ACH-001383
1181,RO82W1_THYROID,ACH-001384
1182,RPMI2650_UPPER_AERODIGESTIVE_TRACT,ACH-001385
1183,SCLC22H_LUNG,ACH-001386
1184,HCC70_BREAST,ACH-000668
1185,MDAMB134VI_BREAST,ACH-000044
1186,SUM149PT_BREAST,ACH-001390
1187,SUM159PT_BREAST,ACH-001391
1188,BT483_BREAST,ACH-000818
1189,UACC893_BREAST,ACH-000554
1190,CAL148_BREAST,ACH-000902
1191,HCC2218_BREAST,ACH-000755
1192,HCC2157_BREAST,ACH-000691
1193,SW156_KIDNEY,ACH-001398
1194,SW626_LARGE_INTESTINE,ACH-001399
1195,SW954_CERVIX,ACH-001400
1196,SW13_ADRENAL_CORTEX,ACH-001401
1197,SW756_CERVIX,ACH-001402
1198,MDAMB330_BREAST,ACH-001358
1199,YMB1_BREAST,ACH-001249
1200,UMUC13_URINARY_TRACT,ACH-001407
1201,UMUC14_URINARY_TRACT,ACH-001408
1202,UMUC16_URINARY_TRACT,ACH-001409
1203,UMUC4_URINARY_TRACT,ACH-001410
1204,UMUC5_URINARY_TRACT,ACH-001411
1205,UMUC10_URINARY_TRACT,ACH-001412
1206,UMUC11_URINARY_TRACT,ACH-001413
1207,UMUC6_URINARY_TRACT,ACH-001414
1208,UMUC7_URINARY_TRACT,ACH-001415
1209,UMUC9_URINARY_TRACT,ACH-001416
1210,UMC11_LUNG,ACH-001417
1211,UWB1289_OVARY,ACH-001418
1212,SUM185PE_BREAST,ACH-001392
1213,SUM225CWN_BREAST,ACH-001397
1214,CCLFPEDS0004T_SOFT_TISSUE,ACH-001425
1215,TC205_BONE,ACH-001431
1216,TC32_BONE,ACH-001205
1217,TC71_BONE,ACH-000424
1218,CCLFPEDS0008T_SOFT_TISSUE,ACH-001433
1219,921_UVEA,ACH-001441
1220,A388_SKIN,ACH-001442
1221,ASH3_THYROID,ACH-001443
1222,BLUE1_HAEMATOPOIETIC_AND_LYMPHOID_TISSUE,ACH-001450
1223,BONNA12_HAEMATOPOIETIC_AND_LYMPHOID_TISSUE,ACH-001452
1224,BPH1_PROSTATE,ACH-001453
1225,C10_LARGE_INTESTINE,ACH-001454
1226,C125PM_LARGE_INTESTINE,ACH-001456
1227,C75_LARGE_INTESTINE,ACH-001458
1228,C80_LARGE_INTESTINE,ACH-001459
1229,C84_LARGE_INTESTINE,ACH-001460
1230,C99_LARGE_INTESTINE,ACH-001461
1231,CORL32_LUNG,ACH-001489
1232,CORL321_LUNG,ACH-001490
1233,EGI1_BILIARY_TRACT,ACH-001494
1234,ESO26_OESOPHAGUS,ACH-001496
1235,ESO51_OESOPHAGUS,ACH-001497
1236,FLO1_OESOPHAGUS,ACH-001500
1237,SUM102PT_BREAST,ACH-001388
1238,HEC1_ENDOMETRIUM,ACH-001517
1239,HEMCSS_BONE,ACH-001519
1240,HKA1_SKIN,ACH-001521
1241,HMY1_SKIN,ACH-001522
1242,HSC1_SKIN,ACH-001523
1243,HSC5_SKIN,ACH-001524
1244,HT3_CERVIX,ACH-001525
1245,HUO9_BONE,ACH-001526
1246,IHH4_THYROID,ACH-001528
1247,JAR_PLACENTA,ACH-001529
1248,JEG3_PLACENTA,ACH-001530
1249,JMURTK2_SOFT_TISSUE,ACH-001532
1250,KKU100_BILIARY_TRACT,ACH-001536
1251,KKU213_BILIARY_TRACT,ACH-001538
1252,GRANTA519_HAEMATOPOIETIC_AND_LYMPHOID_TISSUE,ACH-000073
1253,KMLS1_SOFT_TISSUE,ACH-001540
1254,KON_UPPER_AERODIGESTIVE_TRACT,ACH-001542
1255,KYAE1_OESOPHAGUS,ACH-001544
1256,LIM1215_LARGE_INTESTINE,ACH-001546
1257,LU135_LUNG,ACH-001549
1258,MCC13_SKIN,ACH-001550
1259,MCC142_SKIN,ACH-001551
1260,MCC26_SKIN,ACH-001552
1261,MEL202_UVEA,ACH-001554
1262,MERO14_PLEURA,ACH-001555
1263,MERO25_PLEURA,ACH-001556
1264,MERO41_PLEURA,ACH-001557
1265,MERO48A_PLEURA,ACH-001558
1266,MERO82_PLEURA,ACH-001559
1267,MERO83_PLEURA,ACH-001560
1268,MERO84_PLEURA,ACH-001561
1269,MERO95_PLEURA,ACH-001562
1270,MM127_SKIN,ACH-001563
1271,MM370_SKIN,ACH-001566
1272,MM383_SKIN,ACH-001567
1273,MM386_SKIN,ACH-001568
1274,MM415_SKIN,ACH-001569
1275,MM426_SKIN,ACH-001570
1276,NCCIT_TESTIS,ACH-001578
1277,NCIH1417_LUNG,ACH-001591
1278,NCIH64_LUNG,ACH-001599
1279,NH12_AUTONOMIC_GANGLIA,ACH-001603
1280,NO10_CENTRAL_NERVOUS_SYSTEM,ACH-001605
1281,NO11_CENTRAL_NERVOUS_SYSTEM,ACH-001606
1282,NOZ_LIVER,ACH-001607
1283,NP5_CENTRAL_NERVOUS_SYSTEM,ACH-001610
1284,NP8_CENTRAL_NERVOUS_SYSTEM,ACH-001611
1285,CI1_HAEMATOPOIETIC_AND_LYMPHOID_TISSUE,ACH-000687
1286,RI1_HAEMATOPOIETIC_AND_LYMPHOID_TISSUE,ACH-000398
1287,MEC2_HAEMATOPOIETIC_AND_LYMPHOID_TISSUE,ACH-001121
1288,ONDA9_CENTRAL_NERVOUS_SYSTEM,ACH-001624
1289,OSC19_UPPER_AERODIGESTIVE_TRACT,ACH-001625
1290,OSC20_UPPER_AERODIGESTIVE_TRACT,ACH-001626
1291,PEO1_OVARY,ACH-001630
1292,RCK8_HAEMATOPOIETIC_AND_LYMPHOID_TISSUE,ACH-001638
1293,NALM19_HAEMATOPOIETIC_AND_LYMPHOID_TISSUE,ACH-000130
1294,SAT_UPPER_AERODIGESTIVE_TRACT,ACH-001641
1295,SCC3_HAEMATOPOIETIC_AND_LYMPHOID_TISSUE,ACH-001642
1296,SEKI_SKIN,ACH-001645
1297,SISO_CERVIX,ACH-001650
1298,SKGT2_STOMACH,ACH-001653
1299,SKGT4_OESOPHAGUS,ACH-001654
1300,SKN_ENDOMETRIUM,ACH-001655
1301,SKNO1_HAEMATOPOIETIC_AND_LYMPHOID_TISSUE,ACH-001656
1302,SUM1315MO2_BREAST,ACH-001389
1303,MFM223_BREAST,ACH-001819
1304,RCHACV_HAEMATOPOIETIC_AND_LYMPHOID_TISSUE,ACH-000922
1305,TASK1_CENTRAL_NERVOUS_SYSTEM,ACH-001670
1306,TFK1_BILIARY_TRACT,ACH-001673
1307,TGW_AUTONOMIC_GANGLIA,ACH-001674
1308,MEC1_HAEMATOPOIETIC_AND_LYMPHOID_TISSUE,ACH-000405
1309,MC116_HAEMATOPOIETIC_AND_LYMPHOID_TISSUE,ACH-000583
1310,HT_HAEMATOPOIETIC_AND_LYMPHOID_TISSUE,ACH-000914
1311,U698M_HAEMATOPOIETIC_AND_LYMPHOID_TISSUE,ACH-001680
1312,HCC1008_BREAST,ACH-001514
1313,JVM3_HAEMATOPOIETIC_AND_LYMPHOID_TISSUE,ACH-000346
1314,VAESBJ_SOFT_TISSUE,ACH-001702
1315,JM1_HAEMATOPOIETIC_AND_LYMPHOID_TISSUE,ACH-000151
1316,VMRCMELG_SKIN,ACH-001704
1317,EHEB_HAEMATOPOIETIC_AND_LYMPHOID_TISSUE,ACH-000038
1318,BCP1_HAEMATOPOIETIC_AND_LYMPHOID_TISSUE,ACH-000923
1319,U2904_HAEMATOPOIETIC_AND_LYMPHOID_TISSUE,ACH-001677
1320,PFSK1_CENTRAL_NERVOUS_SYSTEM,ACH-001711
1321,CAL72_BONE,ACH-001715
1322,GOTO_AUTONOMIC_GANGLIA,ACH-001716
1323,ROS50_HAEMATOPOIETIC_AND_LYMPHOID_TISSUE,ACH-001639
1324,MOLT13_HAEMATOPOIETIC_AND_LYMPHOID_TISSUE,ACH-000795
1325,MOLT16_HAEMATOPOIETIC_AND_LYMPHOID_TISSUE,ACH-000918
1326,RH28_SOFT_TISSUE,ACH-001740
1327,RMS13_SOFT_TISSUE,ACH-001741
1328,RC2_SOFT_TISSUE,ACH-001743
1329,RHJT_SOFT_TISSUE,ACH-001745
1330,TTC442_SOFT_TISSUE,ACH-001750
1331,RH36_SOFT_TISSUE,ACH-001751
1332,RH4_SOFT_TISSUE,ACH-001765
1333,CCLFPEDS0018T_SOFT_TISSUE,ACH-001767
1334,TGBC1TKB_BILIARY_TRACT,ACH-001861
1335,JHC7_BONE,ACH-001955
1336,MUGCHOR1_BONE,ACH-001956
1337,UMCHOR1_BONE,ACH-001957
1338,MS1_LUNG,ACH-001958
1339,JURKAT_HAEMATOPOIETIC_AND_LYMPHOID_TISSUE,ACH-000995
1340,MEL285_UVEA,ACH-002015
1341,OMM1_UVEA,ACH-002017
1342,SKGIIIA_CERVIX,ACH-002020
1343,SAS_UPPER_AERODIGESTIVE_TRACT,ACH-002029
1344,HMVII_SKIN,ACH-002040
1345,CA922_UPPER_AERODIGESTIVE_TRACT,ACH-002043
1346,HO1U1_UPPER_AERODIGESTIVE_TRACT,ACH-002045
1347,LU134A_LUNG,ACH-002051
1348,LU139_LUNG,ACH-002052
1349,ATN1_HAEMATOPOIETIC_AND_LYMPHOID_TISSUE,ACH-002058
1350,P30OHK_HAEMATOPOIETIC_AND_LYMPHOID_TISSUE,ACH-002059
1351,SLVL_HAEMATOPOIETIC_AND_LYMPHOID_TISSUE,ACH-002062
1352,NOS1_BONE,ACH-002067
1353,LU165_LUNG,ACH-002077
1354,NB69_AUTONOMIC_GANGLIA,ACH-002083
1355,HSSYII_LUNG,ACH-002085
1356,UCH2_BONE,ACH-002204
1357,A101D_SKIN,ACH-000008
1358,[MERGED_TO_ACH-000474]NCIH292_LUNG,ACH-000474
1359,COLO849_SKIN,ACH-001045
1360,EWS834_BONE,ACH-001066
1361,HS571T_OVARY,ACH-001092
1362,TCC466_BONE,ACH-001206
1363,UMRC2_KIDNEY,ACH-001224
1364,SR_HAEMATOPOIETIC_AND_LYMPHOID_TISSUE,ACH-001665
1365,SW527_BREAST,ACH-001825
1366,184B5_BREAST,ACH-001827
1367,201T_LUNG,ACH-002089
1368,BB65RCC_KIDNEY,ACH-002090
1369,CAL39_VULVA,ACH-002091
1370,CHSA0011_BONE,ACH-002092
1371,CHSA0108_BONE,ACH-002093
1372,CHSA8926_BONE,ACH-002094
1373,CORL303_LUNG,ACH-002095
1374,CP50MELB_SKIN,ACH-002096
1375,CP66MEL_SKIN,ACH-002097
1376,CP67MEL_SKIN,ACH-002098
1377,CS1_BONE,ACH-002099
1378,DJM1_SKIN,ACH-002100
1379,EMCBAC1_LUNG,ACH-002101
1380,EMCBAC2_LUNG,ACH-002102
1381,ES1_BONE,ACH-002103
1382,ES3_BONE,ACH-002104
1383,ES4_BONE,ACH-002105
1384,ES5_BONE,ACH-002106
1385,ES6_BONE,ACH-002107
1386,ES7_BONE,ACH-002108
1387,ES8_BONE,ACH-002109
1388,EW1_BONE,ACH-002110
1389,EW11_BONE,ACH-002111
1390,EW12_BONE,ACH-002112
1391,EW13_BONE,ACH-002113
1392,EW16_BONE,ACH-002114
1393,EW18_BONE,ACH-002115
1394,EW22_BONE,ACH-002116
1395,EW24_BONE,ACH-002117
1396,EW3_BONE,ACH-002118
1397,EW7_BONE,ACH-002119
1398,GAK_SKIN,ACH-002120
1399,GMEL_SKIN,ACH-002121
1400,GT3TKB_STOMACH,ACH-002122
1401,H2369_PLEURA,ACH-002123
1402,NCIH2373_PLEURA,ACH-002124
1403,NCIH2461_PLEURA,ACH-002125
1404,NCIH2591_PLEURA,ACH-002126
1405,NCIH2595_PLEURA,ACH-002127
1406,NCIH2722_PLEURA,ACH-002128
1407,NCIH2731_PLEURA,ACH-002129
1408,NCIH2795_PLEURA,ACH-002130
1409,NCIH2803_PLEURA,ACH-002131
1410,NCIH2804_PLEURA,ACH-002132
1411,NCIH2810_PLEURA,ACH-002133
1412,NCIH2818_PLEURA,ACH-002134
1413,NCIH2869_PLEURA,ACH-002135
1414,H290_PLEURA,ACH-002136
1415,[MERGED_TO_ACH-000109]H3255_LUNG,ACH-002137
1416,H513_LUNG,ACH-002138
1417,HA7RCC_KIDNEY,ACH-002139
1418,HEY_OVARY,ACH-002140
1419,HSC39_STOMACH,ACH-002141
1420,HUO3N1_BONE,ACH-002142
1421,ISTMEL1_SKIN,ACH-002143
1422,ISTSL1_LUNG,ACH-002144
1423,ISTSL2_LUNG,ACH-002145
1424,JHOS3_OVARY,ACH-002146
1425,K2_SKIN,ACH-002147
1426,K5_THYROID,ACH-002148
1427,KGN_OVARY,ACH-002149
1428,LB1047RCC_KIDNEY,ACH-002150
1429,LB2241RCC_KIDNEY,ACH-002151
1430,LB2518MEL_SKIN,ACH-002152
1431,LB373MELD_SKIN,ACH-002153
1432,LB647SCLC_LUNG,ACH-002154
1433,LB996RCC_KIDNEY,ACH-002155
1434,LC1SQ_LUNG,ACH-002156
1435,LC2AD_LUNG,ACH-002157
1436,LU99A_LUNG,ACH-002158
1437,M14_SKIN,ACH-002159
1438,MCIXC_BONE,ACH-002160
1439,MKN28_STOMACH,ACH-002161
1440,MMACSF_SKIN,ACH-002162
1441,MRKNU1_BREAST,ACH-002163
1442,MZ1PC_PANCREAS,ACH-002164
1443,MZ2MEL_SKIN,ACH-002165
1444,MZ7MEL_SKIN,ACH-002166
1445,NCC010_KIDNEY,ACH-002167
1446,NCC021_KIDNEY,ACH-002168
1447,NCIH1304_LUNG,ACH-002169
1448,NCIH1688_LUNG,ACH-002170
1449,NCIH250_LUNG,ACH-002171
1450,NCIH322M_LUNG,ACH-002172
1451,NCIH378_LUNG,ACH-002173
1452,NCIH720_LUNG,ACH-002174
1453,NCIH740_LUNG,ACH-002175
1454,NCIH748_LUNG,ACH-002176
1455,NCIH835_LUNG,ACH-002177
1456,NY_BONE,ACH-002178
1457,OCUBM_BREAST,ACH-002179
1458,OMC1_CERVIX,ACH-002180
1459,OVCA420_OVARY,ACH-002181
1460,OVCA433_OVARY,ACH-002182
1461,OVMIU_OVARY,ACH-002183
1462,PC3JPC3_LUNG,ACH-002184
1463,PL18_PANCREAS,ACH-002185
1464,PL4_PANCREAS,ACH-002186
1465,RCCAB_KIDNEY,ACH-002187
1466,RCCER_KIDNEY,ACH-002188
1467,RCCFG2_KIDNEY,ACH-002189
1468,RCCJF_KIDNEY,ACH-002190
1469,RCCJW_KIDNEY,ACH-002191
1470,RCCMF_KIDNEY,ACH-002192
1471,RERFLCFM_LUNG,ACH-002193
1472,RH1_BONE,ACH-002194
1473,RXF393_KIDNEY,ACH-002195
1474,SBC1_LUNG,ACH-002196
1475,SBC3_LUNG,ACH-002197
1476,SCH_STOMACH,ACH-002198
1477,SN12C_KIDNEY,ACH-002199
1478,SW962_VULVA,ACH-002200
1479,TCYIK_CERVIX,ACH-002201
1480,TMK1_STOMACH,ACH-002202
1481,U031_KIDNEY,ACH-002203
1482,WM1552C_SKIN,ACH-002205
1483,WM278_SKIN,ACH-002206
1484,WM35_SKIN,ACH-002207
1485,YMB1E_BREAST,ACH-002208
1486,ALLPO_HAEMATOPOIETIC_AND_LYMPHOID_TISSUE,ACH-002209
1487,ARH77_HAEMATOPOIETIC_AND_LYMPHOID_TISSUE,ACH-002210
1488,BALL1_HAEMATOPOIETIC_AND_LYMPHOID_TISSUE,ACH-002211
1489,BB30HNC_UPPER_AERODIGESTIVE_TRACT,ACH-002212
1490,BB49HNC_UPPER_AERODIGESTIVE_TRACT,ACH-002213
1491,BC1_HAEMATOPOIETIC_AND_LYMPHOID_TISSUE,ACH-002214
1492,BC3_HAEMATOPOIETIC_AND_LYMPHOID_TISSUE,ACH-002215
1493,BE13_HAEMATOPOIETIC_AND_LYMPHOID_TISSUE,ACH-002216
1494,BE2M17_AUTONOMIC_GANGLIA,ACH-002217
1495,CESS_HAEMATOPOIETIC_AND_LYMPHOID_TISSUE,ACH-002218
1496,COLO320HSR_LARGE_INTESTINE,ACH-002219
1497,CROAP2_HAEMATOPOIETIC_AND_LYMPHOID_TISSUE,ACH-002220
1498,CTB1_HAEMATOPOIETIC_AND_LYMPHOID_TISSUE,ACH-002221
1499,CTV1_HAEMATOPOIETIC_AND_LYMPHOID_TISSUE,ACH-002222
1500,D245MG_CENTRAL_NERVOUS_SYSTEM,ACH-002223
1501,D247MG_CENTRAL_NERVOUS_SYSTEM,ACH-002224
1502,D263MG_CENTRAL_NERVOUS_SYSTEM,ACH-002225
1503,D336MG_CENTRAL_NERVOUS_SYSTEM,ACH-002226
1504,D392MG_CENTRAL_NERVOUS_SYSTEM,ACH-002227
1505,D423MG_CENTRAL_NERVOUS_SYSTEM,ACH-002228
1506,D502MG_CENTRAL_NERVOUS_SYSTEM,ACH-002229
1507,D542MG_CENTRAL_NERVOUS_SYSTEM,ACH-002230
1508,D566MG_CENTRAL_NERVOUS_SYSTEM,ACH-002231
1509,DG75_HAEMATOPOIETIC_AND_LYMPHOID_TISSUE,ACH-002232
1510,DIFI_LARGE_INTESTINE,ACH-002233
1511,DOK_UPPER_AERODIGESTIVE_TRACT,ACH-002234
1512,DSH1_URINARY_TRACT,ACH-002235
1513,EB3_HAEMATOPOIETIC_AND_LYMPHOID_TISSUE,ACH-002236
1514,ETK1_BILIARY_TRACT,ACH-002237
1515,GRST_HAEMATOPOIETIC_AND_LYMPHOID_TISSUE,ACH-002238
1516,H3118_UPPER_AERODIGESTIVE_TRACT,ACH-002239
1517,H9_HAEMATOPOIETIC_AND_LYMPHOID_TISSUE,ACH-002240
1518,HAL01_HAEMATOPOIETIC_AND_LYMPHOID_TISSUE,ACH-002241
1519,HC1_HAEMATOPOIETIC_AND_LYMPHOID_TISSUE,ACH-002242
1520,HCE4_OESOPHAGUS,ACH-002243
1521,HO1N1_UPPER_AERODIGESTIVE_TRACT,ACH-002244
1522,HS445_HAEMATOPOIETIC_AND_LYMPHOID_TISSUE,ACH-002245
1523,HS633T_SOFT_TISSUE,ACH-002246
1524,IM9_HAEMATOPOIETIC_AND_LYMPHOID_TISSUE,ACH-002247
1525,IMR5_AUTONOMIC_GANGLIA,ACH-002248
1526,JHU011_UPPER_AERODIGESTIVE_TRACT,ACH-002249
1527,JHU022_UPPER_AERODIGESTIVE_TRACT,ACH-002250
1528,JHU029_UPPER_AERODIGESTIVE_TRACT,ACH-002251
1529,JIYOYEP2003_HAEMATOPOIETIC_AND_LYMPHOID_TISSUE,ACH-002252
1530,JSC1_HAEMATOPOIETIC_AND_LYMPHOID_TISSUE,ACH-002253
1531,KARPAS1106P_HAEMATOPOIETIC_AND_LYMPHOID_TISSUE,ACH-002254
1532,KARPAS231_HAEMATOPOIETIC_AND_LYMPHOID_TISSUE,ACH-002255
1533,KARPAS45_HAEMATOPOIETIC_AND_LYMPHOID_TISSUE,ACH-002256
1534,KINGS1_CENTRAL_NERVOUS_SYSTEM,ACH-002257
1535,KMOE2_HAEMATOPOIETIC_AND_LYMPHOID_TISSUE,ACH-002258
1536,KNS81FD_CENTRAL_NERVOUS_SYSTEM,ACH-002259
1537,KOSC2_UPPER_AERODIGESTIVE_TRACT,ACH-002260
1538,KPNYS_AUTONOMIC_GANGLIA,ACH-002261
1539,KY821_HAEMATOPOIETIC_AND_LYMPHOID_TISSUE,ACH-002262
1540,KYSE220_OESOPHAGUS,ACH-002263
1541,KYSE50_OESOPHAGUS,ACH-002264
1542,LB771HNC_UPPER_AERODIGESTIVE_TRACT,ACH-002265
1543,LB831BLC_URINARY_TRACT,ACH-002266
1544,LC41_HAEMATOPOIETIC_AND_LYMPHOID_TISSUE,ACH-002267
1545,LN405_CENTRAL_NERVOUS_SYSTEM,ACH-002268
1546,LNZTA3WT4_CENTRAL_NERVOUS_SYSTEM,ACH-002269
1547,MCCAR_HAEMATOPOIETIC_AND_LYMPHOID_TISSUE,ACH-002270
1548,MFHINO_SOFT_TISSUE,ACH-002271
1549,MHHPREB1_HAEMATOPOIETIC_AND_LYMPHOID_TISSUE,ACH-002272
1550,ML2_HAEMATOPOIETIC_AND_LYMPHOID_TISSUE,ACH-002273
1551,MLMA_HAEMATOPOIETIC_AND_LYMPHOID_TISSUE,ACH-002274
1552,MN60_HAEMATOPOIETIC_AND_LYMPHOID_TISSUE,ACH-002275
1553,MYM12_HAEMATOPOIETIC_AND_LYMPHOID_TISSUE,ACH-002276
1554,NBTU110_AUTONOMIC_GANGLIA,ACH-002277
1555,NB10_AUTONOMIC_GANGLIA,ACH-002278
1556,NB12_AUTONOMIC_GANGLIA,ACH-002279
1557,NB13_AUTONOMIC_GANGLIA,ACH-002280
1558,NB14_AUTONOMIC_GANGLIA,ACH-002281
1559,NB17_AUTONOMIC_GANGLIA,ACH-002282
1560,NB5_AUTONOMIC_GANGLIA,ACH-002283
1561,NB6_AUTONOMIC_GANGLIA,ACH-002284
1562,NB7_AUTONOMIC_GANGLIA,ACH-002285
1563,NCIH128_LUNG,ACH-002286
1564,NCIH630_LARGE_INTESTINE,ACH-002287
1565,NEC8_TESTIS,ACH-002288
1566,NK92MI_HAEMATOPOIETIC_AND_LYMPHOID_TISSUE,ACH-002289
1567,NKM1_HAEMATOPOIETIC_AND_LYMPHOID_TISSUE,ACH-002290
1568,NTERA2CLD1_TESTIS,ACH-002291
1569,OACP4C_OESOPHAGUS,ACH-002292
1570,P32ISH_HAEMATOPOIETIC_AND_LYMPHOID_TISSUE,ACH-002293
1571,PCI15A_UPPER_AERODIGESTIVE_TRACT,ACH-002294
1572,PCI30_UPPER_AERODIGESTIVE_TRACT,ACH-002295
1573,PCI38_UPPER_AERODIGESTIVE_TRACT,ACH-002296
1574,PCI4B_UPPER_AERODIGESTIVE_TRACT,ACH-002297
1575,PCI6A_UPPER_AERODIGESTIVE_TRACT,ACH-002298
1576,QIMRWIL_HAEMATOPOIETIC_AND_LYMPHOID_TISSUE,ACH-002299
1577,RAMOS2G64C10_HAEMATOPOIETIC_AND_LYMPHOID_TISSUE,ACH-002300
1578,RF48_HAEMATOPOIETIC_AND_LYMPHOID_TISSUE,ACH-002301
1579,RPMI8866_HAEMATOPOIETIC_AND_LYMPHOID_TISSUE,ACH-002302
1580,SCI1_HAEMATOPOIETIC_AND_LYMPHOID_TISSUE,ACH-002303
1581,SKMG1_CENTRAL_NERVOUS_SYSTEM,ACH-002304
1582,SKN3_UPPER_AERODIGESTIVE_TRACT,ACH-002305
1583,STS0421_SOFT_TISSUE,ACH-002306
1584,SUDHL16_HAEMATOPOIETIC_AND_LYMPHOID_TISSUE,ACH-002307
1585,SUPB8_HAEMATOPOIETIC_AND_LYMPHOID_TISSUE,ACH-002308
1586,SW684_SOFT_TISSUE,ACH-002309
1587,SW872_SOFT_TISSUE,ACH-002310
1588,TE12_OESOPHAGUS,ACH-002311
1589,TGBC24TKB_BILIARY_TRACT,ACH-002312
1590,TK_HAEMATOPOIETIC_AND_LYMPHOID_TISSUE,ACH-002313
1591,TUR_HAEMATOPOIETIC_AND_LYMPHOID_TISSUE,ACH-002314
1592,SCC90_UPPER_AERODIGESTIVE_TRACT,ACH-002315
1593,WIL2NS_HAEMATOPOIETIC_AND_LYMPHOID_TISSUE,ACH-002316
1594,YT_HAEMATOPOIETIC_AND_LYMPHOID_TISSUE,ACH-002317
1595,184A1_BREAST,ACH-002319
1596,600MPE_BREAST,ACH-002320
1597,HBL100_BREAST,ACH-002321
1598,HCC2185_BREAST,ACH-002322
1599,HCC2688_BREAST,ACH-002323
1600,HCC3153_BREAST,ACH-002324
1601,LY2_BREAST,ACH-002325
1602,MACLS2_BREAST,ACH-002326
1603,MCF12A_BREAST,ACH-002327
1604,MX1_BREAST,ACH-002328
1605,SKBR5_BREAST,ACH-002329
1606,SKBR7_BREAST,ACH-002330
1607,ZR75B_BREAST,ACH-002331
1608,HCC827GR_LUNG,ACH-002333
1609,SS1A_SOFT_TISSUE,ACH-002334
1610,HCET_UPPER_AERODIGESTIVE_TRACT,ACH-002336
1611,JHU028_LUNG,ACH-002337
1612,M980513_SKIN,ACH-002338
1613,MOT_HAEMATOPOIETIC_AND_LYMPHOID_TISSUE,ACH-002339
1614,NBSUSSR_AUTONOMIC_GANGLIA,ACH-002340
1615,NCIH513_LUNG,ACH-002341
1616,BB30PBL_MATCHED_NORMAL_TISSUE,ACH-002342
1617,BB49EBV_MATCHED_NORMAL_TISSUE,ACH-002343
1618,BB65EBV_MATCHED_NORMAL_TISSUE,ACH-002344
1619,CAR1_LARGE_INTESTINE,ACH-002345
1620,CP50EBV_MATCHED_NORMAL_TISSUE,ACH-002346
1621,CP66EBV_MATCHED_NORMAL_TISSUE,ACH-002347
1622,DIPG007_CENTRAL_NERVOUS_SYSTEM,ACH-002348
1623,GBM001_CENTRAL_NERVOUS_SYSTEM,ACH-002349
1624,HA7EBV_MATCHED_NORMAL_TISSUE,ACH-002350
1625,L542_MATCHED_NORMAL_TISSUE,ACH-002351
1626,LB1047EBV_MATCHED_NORMAL_TISSUE,ACH-002352
1627,LB2241EBV_MATCHED_NORMAL_TISSUE,ACH-002353
1628,LB2518EBV_MATCHED_NORMAL_TISSUE,ACH-002354
1629,LB373EBV_MATCHED_NORMAL_TISSUE,ACH-002355
1630,LB647PBL_MATCHED_NORMAL_TISSUE,ACH-002356
1631,LB771PBL_MATCHED_NORMAL_TISSUE,ACH-002357
1632,LB831EBV_MATCHED_NORMAL_TISSUE,ACH-002358
1633,LB996EBV_MATCHED_NORMAL_TISSUE,ACH-002359
1634,MZ1B_MATCHED_NORMAL_TISSUE,ACH-002360
1635,MZ7B_MATCHED_NORMAL_TISSUE,ACH-002361
1636,NCIBL128_MATCHED_NORMAL_TISSUE,ACH-002362
1637,NCIBL1395_MATCHED_NORMAL_TISSUE,ACH-002363
1638,NCIBL1437_MATCHED_NORMAL_TISSUE,ACH-002364
1639,NCIBL1770_MATCHED_NORMAL_TISSUE,ACH-002365
1640,NCIBL2009_MATCHED_NORMAL_TISSUE,ACH-002366
1641,NCIBL2052_MATCHED_NORMAL_TISSUE,ACH-002367
1642,NCIBL2087_MATCHED_NORMAL_TISSUE,ACH-002368
1643,NCIBL209_MATCHED_NORMAL_TISSUE,ACH-002369
1644,NCIBL2122_MATCHED_NORMAL_TISSUE,ACH-002370
1645,NCIBL2126_MATCHED_NORMAL_TISSUE,ACH-002371
1646,NCIBL2171_MATCHED_NORMAL_TISSUE,ACH-002372
1647,HCC1187_MATCHED_NORMAL_TISSUE,ACH-002373
1648,HCC1599_MATCHED_NORMAL_TISSUE,ACH-002374
1649,HCC1937_MATCHED_NORMAL_TISSUE,ACH-002375
1650,LS1034_MATCHED_NORMAL_TISSUE,ACH-002376
1651,HCC38_MATCHED_NORMAL_TISSUE,ACH-002377
1652,HCC1143_MATCHED_NORMAL_TISSUE,ACH-002378
1653,J82_MATCHED_NORMAL_TISSUE,ACH-002379
1654,COLO829_MATCHED_NORMAL_TISSUE,ACH-002380
1655,HCC2157_MATCHED_NORMAL_TISSUE,ACH-002381
1656,HCC1395_MATCHED_NORMAL_TISSUE,ACH-002382
1657,HCC2218_MATCHED_NORMAL_TISSUE,ACH-002383
1658,HCC1954_MATCHED_NORMAL_TISSUE,ACH-002384
1659,M00921_SKIN,ACH-002386
1660,M1203273_SKIN,ACH-002387
1661,MET2B_SKIN,ACH-002388
1662,ACN_AUTONOMIC_GANGLIA,ACH-002389
1663,MC1010_HAEMATOPOIETIC_AND_LYMPHOID_TISSUE,ACH-002390
1664,UDSCC2_UPPER_AERODIGESTIVE_TRACT,ACH-002391
1665,SC1_HAEMATOPOIETIC_AND_LYMPHOID_TISSUE,ACH-002392
1666,CROAP3_HAEMATOPOIETIC_AND_LYMPHOID_TISSUE,ACH-002393
1667,GEO_LARGE_INTESTINE,ACH-002394
1668,HUH6CLONE5_LIVER,ACH-002395
1669,SARC9371_BONE,ACH-002396
1670,KMH2_THYROID,ACH-002397
1671,451LU_NS,ACH-001002
1672,ACN,ACH-002389
1673,CORL321_PLEURA,ACH-001490
1674,HS940T_SKIN,ACH-000135
1675,M00921,ACH-002386
1676,M1203273,ACH-002387
1677,MCIXC_AUTONOMIC_GANGLIA,ACH-002160
1678,MET2B,ACH-002388
1679,NCIH513_PLEURA,ACH-002341
1680,RF48_STOMACH,ACH-002301
1681,RH1_SOFT_TISSUE,ACH-002194
1682,S117_SOFT_TISSUE,ACH-000037
1683,SKN_URINARY_TRACT,ACH-001655
1684,SW13_ADRENAL_GLAND,ACH-001401
1685,SW626_OVARY,ACH-001399
1686,SW954_VULVA,ACH-001400
1687,TASK1_BONE,ACH-001670
1688,WM793B_SKIN,ACH-000827
1689,SF767_CENTRAL_NERVOUS_SYSTEM,ACH-000490
1690,HS751T_HAEMATOPOIETIC_AND_LYMPHOID_TISSUE,ACH-000165
1691,HS604T_HAEMATOPOIETIC_AND_LYMPHOID_TISSUE,ACH-001093
1692,HS274T_BREAST,ACH-000134
1693,AZ521_STOMACH,ACH-001015
1694,HS895T_SKIN,ACH-000043
1695,T173_BONE,ACH-000529
1696,HS870T_BONE,ACH-000340
1697,HS255T_LARGE_INTESTINE,ACH-000199
1698,HS675T_LARGE_INTESTINE,ACH-000214
1699,HS839T_SKIN,ACH-000180
1700,HS819T_BONE,ACH-000224
1701,TO175T_HAEMATOPOIETIC_AND_LYMPHOID_TISSUE,ACH-000125
1702,HS840T_UPPER_AERODIGESTIVE_TRACT,ACH-000284
1703,HS229T_LUNG,ACH-000131
1704,HS616T_HAEMATOPOIETIC_AND_LYMPHOID_TISSUE,ACH-000063
1705,HS600T_SKIN,ACH-000240
1706,TE159T_SOFT_TISSUE,ACH-000175
1707,HLFA_LUNG,ACH-000797
1708,HS606T_BREAST,ACH-000540
1709,RS5_PLEURA,ACH-000531
1710,HS834T_SKIN,ACH-000275
1711,TE125T_SOFT_TISSUE,ACH-000079
1712,HS281T_BREAST,ACH-000083
1713,HS863T_BONE,ACH-000119
1714,HS343T_BREAST,ACH-000184
1715,HS888T_BONE,ACH-000154
1716,HS739T_BREAST,ACH-000413
1717,X5637_URINARY_TRACT,ACH-000905
1718,HS618T_LUNG,ACH-000539
1719,HS742T_BREAST,ACH-000230
1720,X59M_OVARY,ACH-000520
1721,ALEXANDERCELLS_LIVER,ACH-001318
1722,HS688AT_SKIN,ACH-000306
1723,HS822T_BONE,ACH-000229
1724,HS737T_BONE,ACH-000185
1725,X143B_BONE,ACH-001001
1726,X769P_KIDNEY,ACH-000411
1727,X786O_KIDNEY,ACH-000649
1728,X42MGBA_CENTRAL_NERVOUS_SYSTEM,ACH-000323
1729,X1321N1_CENTRAL_NERVOUS_SYSTEM,ACH-001000
1730,X8MGBA_CENTRAL_NERVOUS_SYSTEM,ACH-000137
1731,X22RV1_PROSTATE,ACH-000956
1732,BJHTERT_SKIN,ACH-001018
1733,TIG3TD_LUNG,ACH-001207
1734,HS172T_URINARY_TRACT,ACH-000088
1735,X8305C_THYROID,ACH-001306
1736,DM3_PLEURA,ACH-000742
1737,HS698T_LARGE_INTESTINE,ACH-000850
1738,HS934T_SKIN,ACH-000194
1739,HS821T_BONE,ACH-000526
1740,X8505C_THYROID,ACH-001307
1741,X697_HAEMATOPOIETIC_AND_LYMPHOID_TISSUE,ACH-000070
1742,X2313287_STOMACH,ACH-000948
1743,X639V_URINARY_TRACT,ACH-000973
1744,X647V_URINARY_TRACT,ACH-000896
